id,player_name
7991,Aaron Connolly
534,Aaron Cresswell
8942,Aaron Hickey
174,Aaron Hunt
593,Aaron Lennon
5787,Aaron Leya Iseka
6033,Aaron Mooy
5603,Aaron Ramsdale
504,Aaron Ramsey
5584,Aaron Wan-Bissaka
5133,Aarón Martín
4110,Aarón Ñíguez
3559,Abdel Barrada
2047,Abdelhamid El Kaoutari
6296,Abdelhamid Sabiri
3831,Abdelkader Ghezzal
4804,Abdou Diallo
5698,Abdou Karim Coulibaly
3268,Abdou Traoré
3745,Abdoul Camara
7760,Abdoul Kader Bamba
4178,Abdoul Sissoko
1495,Abdoulay Konko
4154,Abdoulaye Ba
5732,Abdoulaye Bamba
3545,Abdoulaye Diallo
1726,Abdoulaye Doucouré
3330,Abdoulaye Keita
3674,Abdoulaye Touré
684,Abdul Rahman Baba
4729,Abel Aguilar
4066,Abel Gómez
1698,Abel Hernández
4866,Aboubakar Kamara
2431,Abraham
4158,Abraham
5197,Achraf Hakimi
1838,Achraf Lazaar
1548,Adalberto Peñaranda
7140,Adam Bodzek
1717,Adam Clayton
469,Adam Federici
1711,Adam Forshaw
67,Adam Hlousek
929,Adam Johnson
486,Adam Lallana
6176,Adam Marusic
1441,Adam Masina
3259,Adam Ounas
825,Adam Smith
7699,Adam Webster
7242,Adam Zrelák
5740,Adama Diakhaby
1694,Adama Diomande
6009,Adama Mbengue
4703,Adama Niane
3356,Adama Soumaoro
900,Adama Traoré
3695,Adama Traoré
4772,Adamo Coulibaly
6115,Aday Benítez
4450,Adel Taarabt
1187,Adem Ljajic
5556,Ademola Lookman
2474,Aderlan Santos
7980,Adil Aouchiche
2412,Adil Rami
583,Adlène Guédioura
194,Admir Mehmedi
323,Adnan Januzaj
8607,Adolfo Gaich
8653,Adrian Grbic
524,Adrian Mariappa
6929,Adrian Semper
1363,Adrian Stoian
2454,Adriano
1861,Adriano Russo
3795,Adrien Hunou
3291,Adrien Rabiot
3213,Adrien Regattin
6464,Adrien Silva
5996,Adrien Tameze
3549,Adrien Thomasson
8640,Adrien Truffert
7174,Adrià Pedrosa
2305,Adrián
2133,Adrián
527,Adrián
4904,Adrián Cubas
6376,Adrián Diéguez
2166,Adrián Embarba
4078,Adrián Gunino
2483,Adrián Marín
324,Adrián Ramos
3407,Adryan
2410,Aduriz
1192,Afriyie Acquah
7103,Agustín Rogel
1166,Ahmed Benali
1685,Ahmed Elmohamady
3979,Ahmed Hegazy
4766,Ahmed Kantari
4735,Ahmed Kashi
7309,Ahmed Kutucu
1681,Ahmed Musa
994,Aiden McGeady
7306,Aihen Muñoz
1750,Ainsley Maitland-Niles
3237,Aissa Mandi
4193,Aitor Fernández
6427,Aitor Ruibal
3524,Alaeddine Yahia
7929,Alan Empereur
663,Alan Hutton
3310,Alassane Pléa
3386,Alassane Toure
3201,Alban Lafont
4262,Alban Meha
1160,Albano Bizzarri
3778,Albert Rafetraniaina
5118,Alberto
1167,Alberto Aquilani
1806,Alberto Brignoli
4119,Alberto Bueno
4906,Alberto Cerri
2239,Alberto De la Bella
2224,Alberto García
1552,Alberto Gilardino
1504,Alberto Grassi
2486,Alberto Lopo
2209,Alberto Lora
608,Alberto Moreno
716,Alberto Paloschi
1321,Alberto Pelagotti
8849,Alberto Perea
5124,Alberto Rodríguez
411,Albin Ekdal
4798,Aldo Angoula
3640,Aldo Kalulu
1352,Aleandro Rosi
7842,Aleix Febas
1055,Aleix García
2103,Aleix Vidal
2315,Alejandro Arribas
3405,Alejandro Bedoya
1491,Alejandro Gomez
3914,Alejandro González
112,Alejandro Gálvez
5206,Alejandro Mula
5138,Alejandro Pozo
1812,Alejandro Rodriguez
5219,Aleksandar Dragovic
297,Aleksandar Ignjovski
7188,Aleksandar Jovanovic
5060,Aleksandar Katai
621,Aleksandar Kolarov
773,Aleksandar Mitrovic
2137,Aleksandar Pantic
1582,Aleksandar Pesic
1359,Aleksandar Tonev
1837,Aleksandar Trajkovski
7845,Aleksander Sedlar
2897,Aleksandr Golovin
2711,Aleksey Miranchuk
2215,Alen Halilovic
7994,Ales Mateju
3894,Alessandro Agostini
4939,Alessandro Bastoni
1176,Alessandro Bruno
5025,Alessandro Buongiorno
1172,Alessandro Crescenzi
1634,Alessandro Deiola
948,Alessandro Diamanti
1254,Alessandro Florenzi
1865,Alessandro Frara
1330,Alessandro Gamberini
1269,Alessandro Gazzi
3836,Alessandro Iacobucci
1827,Alessandro Longhi
3838,Alessandro Lucarelli
1472,Alessandro Matri
1212,Alessandro Murgia
2638,Alessandro Schöpf
4957,Alessandro Semprini
8884,Alessandro Tuia
2006,Alessio Cerci
3927,Alessio Cragno
1119,Alessio Romagnoli
1815,Alex
5091,Alex Berenguer
4411,Alex Bruce
1351,Alex Cordaz
1454,Alex Ferrari
500,Alex Iwobi
635,Alex McCarthy
1892,Alex Meret
966,Alex Oxlade-Chamberlain
815,Alex Pritchard
1289,Alex Sandro
1828,Alex Telles
3322,Alexander Djiku
270,Alexander Esswein
1802,Alexander Farnerud
7036,Alexander Fuchs
52,Alexander Hack
5232,Alexander Isak
5714,Alexander Kacaniklic
4273,Alexander Madlung
277,Alexander Manninger
356,Alexander Meier
2669,Alexander Milosevic
2639,Alexander Nübel
5262,Alexander Schwolow
5068,Alexander Szymanowski
3511,Alexander Søderlund
6531,Alexander Sørloth
791,Alexander Tettey
3540,Alexandre Coeff
3277,Alexandre Lacazette
3485,Alexandre Letellier
3580,Alexandre Mendy
5984,Alexandre Oukidja
691,Alexandre Pato
657,Alexandre Song
63,Alexandru Maxim
1173,Alexandru Mitrita
2572,Alexis
3207,Alexis Blin
5752,Alexis Claude Maurice
8379,Alexis Mac Allister
3642,Alexis Peuget
8297,Alexis Saelemaekers
498,Alexis Sánchez
4758,Alexy Bosetti
1727,Alfie Mawson
2521,Alfonso
8733,Alfonso Espino
1474,Alfred Duncan
2655,Alfred Finnbogason
1455,Alfred Gomis
2144,Alfred N&#039;Diaye
7961,Alfredo Donnarumma
252,Alfredo Morales
4778,Alharbi El Jadeyaoui
5643,Alhassan Wakaso
1156,Ali Adnan
3758,Ali Ahamada
5035,Alin Tosca
6842,Alireza Jahanbakhsh
1257,Alisson
1840,Aljaz Struna
1379,Allan
5239,Allan
4409,Allan McGregor
101,Allan Saint-Maximin
3431,Almamy Touré
569,Almen Abdi
240,Almog Cohen
3448,Alois Confais
5695,Alou Diarra
2310,Alphonse Areola
7345,Alphonso Davies
666,Aly Cissokho
5106,Aly Mallé
1380,Amadou Diawara
7501,Amadou Haidara
2532,Amath Diedhiou
6193,Amato Ciciretti
2018,Amauri
6734,Ambroise Oyongo
9022,Amer Gojak
7289,Amin Younes
6401,Amine Gouiri
5717,Amine Harit
5265,Amir Abrashi
7924,Amir Rrahmani
7320,Amos Pieper
3613,Amos Youga
2586,Anaitz Arbilla
3962,Anastasios Donis
7308,Ander Barrenetxea
2125,Ander Capa
6126,Ander Guevara
552,Ander Herrera
4749,Anders Konradsen
4272,Anderson
8788,Anderson-Lenda Lucoqui
3833,Andi Lila
6325,Andoni Gorosabel
4108,Andoni Iraola
3252,Andre Biyogo Poko
1660,Andre Gray
436,Andre Hoffmann
894,Andre Wisdom
1372,Andrea Barberis
1286,Andrea Barzagli
4934,Andrea Beghetto
1186,Andrea Belotti
1641,Andrea Bertolacci
8232,Andrea Carboni
7956,Andrea Cistana
1530,Andrea Coda
1460,Andrea Consigli
1487,Andrea Conti
3936,Andrea Cossu
1307,Andrea Costa
1997,Andrea Favilli
1278,Andrea Fulignati
7972,Andrea La Mantia
1485,Andrea Masiello
1528,Andrea Nalini
8387,Andrea Papetti
1493,Andrea Petagna
4895,Andrea Pinamonti
3847,Andrea Pirlo
1117,Andrea Poli
3417,Andrea Raggi
1522,Andrea Ranocchia
1274,Andrea Rispoli
3857,Andrea Tabanelli
4270,Andreas Beck
200,Andreas Christensen
6156,Andreas Cornelius
4125,Andreas Ivanschitz
5260,Andreas Luthe
922,Andreas Pereira
7934,Andreas Skov Olsen
9128,Andreas Voglsammer
4427,Andreas Weimann
6112,Andrei Girotto
6201,Andrej Galabinov
956,Andrej Kramaric
4896,Andrew Gravillon
1688,Andrew Robertson
460,Andrew Surman
1155,Andrija Balic
6274,Andriy Yarmolenko
775,Andros Townsend
713,André Ayew
6230,André Carrillo
2383,André Gomes
412,André Hahn
195,André Ramalho
154,André Schürrle
6170,André Silva
4747,André-Pierre Gignac
2075,Andrés Fernández
6164,Andrés Guardado
2096,Andrés Iniesta
1317,Andrés Tello
537,Andy Carroll
3530,Andy Delort
784,Andy King
6501,Andy Pelmard
3436,Anele Ngcongca
707,Angel Rangel
1040,Angelino
6019,Angelo Fulgini
528,Angelo Ogbonna
1232,Angelo Palombo
5544,Angus Gunn
1357,Aniello Salzano
7967,Anssumane Fati
1235,Ante Budimir
1852,Ante Rebic
6861,Anthony Briancon
6380,Anthony Caci
5981,Anthony Goncalves
5217,Anthony Jung
4497,Anthony Knockaert
5636,Anthony Koura
7118,Anthony Limbombe
3269,Anthony Lopes
6533,Anthony Lozano
553,Anthony Martial
4731,Anthony Mfa Mezui
137,Anthony Modeste
1451,Anthony Mounier
6733,Anthony Racioppi
4388,Anthony Réveillere
119,Anthony Ujah
5796,Anthony Vanden Borre
3666,Anthony Weber
3238,Antoine Conte
3240,Antoine Devaux
2270,Antoine Griezmann
2588,Antolin Alcaraz
8940,Antonee Robinson
6208,Antonin Barak
6869,Antonin Bobichon
6990,Antonino Barillà
1481,Antonino Ragusa
2141,Antonio Adán
2160,Antonio Amaya
3913,Antonio Balzano
1706,Antonio Barragán
1181,Antonio Barreca
1517,Antonio Candreva
6133,Antonio Caracciolo
1939,Antonio Cassano
1905,Antonio Di Gaudio
1888,Antonio Di Natale
1338,Antonio Floro Flores
2003,Antonio La Gumina
2436,Antonio Luna
3997,Antonio Mazzotta
1609,Antonio Mirante
2048,Antonio Nocerino
7863,Antonio Puertas
2299,Antonio Rukavina
1822,Antonio Rüdiger
2217,Antonio Sanabria
627,Antonio Valencia
5282,Antonio-Mirko Colak
5634,Antony Robic
6922,Antoñito
6918,Anuar Mohamed
5612,Anwar El Ghazi
8676,Aníbal Chalá
7397,Arbër Zeneli
2102,Arda Turan
9090,Ardian Ismajli
7856,Aridane Hernández
2228,Aritz Elustondo
392,Arjen Robben
1583,Arkadiusz Milik
7014,Arkadiusz Reca
1191,Arlind Ajeti
6697,Armand Lauriente
4431,Armand Traore
1096,Armando Izzo
8056,Arnaud Kalimuendo Muinga
5777,Arnaud Lusamba
5684,Arnaud Nordin
5647,Arnaud Souquet
8066,Arnaut Danjuma Groeneveld
5298,Arne Maier
3496,Arnold Bouka Moutou
3282,Arnold Mvuemba
7199,Aron Gunnarsson
601,Arouna Koné
5284,Artem Fedetskyy
2630,Artem Kravets
6942,Arthur
2439,Arthur Boka
1760,Arthur Masuaku
2666,Artjoms Rudnevs
455,Artur Boruc
1604,Artur Ionita
349,Artur Sobiech
3965,Arturo Calabresi
222,Arturo Vidal
4422,Ashley Barnes
3817,Ashley Cole
669,Ashley Westwood
709,Ashley Williams
631,Ashley Young
304,Ashton Götz
2232,Asier Illarramendi
2138,Asier Riesgo
5173,Asier Villalibre
694,Asmir Begovic
1326,Assane Diousse
123,Assani Lukimya
8878,Atakan Karazor
3596,Atila Turan
4309,Atsuto Uchida
2267,Augusto Fernández
9305,Augusto Solari
6560,Aurelien Tchouameni
8013,Aurélien Chedjou
6885,Axel Disasi
3331,Axel Ngando
6573,Axel Werner
3059,Axel Witsel
2374,Aymen Abdennour
5235,Aymen Barkok
2498,Aymeric Laporte
770,Ayoze Pérez
4,Aytac Sulu
2461,Aythami
8746,Aïmen Moueffek
3443,Babacar Gueye
4148,Babá
625,Bacary Sagna
6525,Badou Ndiaye
7268,Bafode Diakite
717,Bafétimbi Gomis
4782,Baissama Sankoh
3279,Bakary Koné
520,Bakary Sako
6058,Bakaye Dibassy
2396,Balenziaga
4706,Bangaly-Fodé Koita
3724,Baptiste Guillaume
5614,Baptiste Reynet
5654,Baptiste Santamaria
1555,Bartlomiej Dragowski
4907,Bartosz Bereszynski
1398,Bartosz Salamon
158,Bas Dost
5651,Bassem Srarfi
285,Bastian Oczipka
907,Bastian Schweinsteiger
1595,Bastos
2168,Bebé
782,Ben Chilwell
660,Ben Davies
803,Ben Foster
1707,Ben Gibson
7689,Ben Godfrey
1759,Ben Hamer
6424,Ben Johnson
1654,Ben Mee
7714,Ben Osborn
571,Ben Watson
7298,Ben White
7802,Ben Zolinski
333,Benedikt Höwedes
826,Benik Afobe
7059,Benito Raman
3223,Benjamin André
3471,Benjamin Angoua
4767,Benjamin Boulenger
4773,Benjamin Bourigeaud
3514,Benjamin Corgnet
435,Benjamin Henrichs
251,Benjamin Hübner
3460,Benjamin Jeannot
3451,Benjamin Lecomte
4709,Benjamin Leroy
3389,Benjamin Mendy
3570,Benjamin Moukandjo
3583,Benjamin Nivet
3363,Benjamin Pavard
3290,Benjamin Stambouli
5253,Benno Schmitz
3516,Benoit Assou-Ekotto
7240,Benoit Badiashile Mukinayi
3218,Benoit Costil
5697,Benoit Pedretti
2510,Benoît Trémoulinas
6409,Beram Kayal
1927,Berat Gjimshiti
6092,Berkay Özcan
7063,Bernard
1716,Bernardo
5245,Bernardo
3635,Bernardo Silva
181,Bernd Leno
1054,Bersant Celina
695,Bertrand Traoré
2061,Beto
2397,Beñat
8059,Biagio Meccariello
742,Billy Jones
3494,Billy Ketkeophomphone
7712,Billy Sharp
5974,Bingourou Kamara
3415,Birama Touré
8656,Birger Meling
7787,Birger Verstraete
8269,Birkir Bjarnason
7152,Björn Engels
3296,Blaise Matuidi
1444,Blerim Dzemaili
820,Boaz Myhill
5749,Bobby Allain
6827,Bobby Reid
5224,Bobby Wood
4396,Bobby Zamora
871,Bojan
2593,Bojan Jokic
6281,Bongani Zungu
6120,Bono
4132,Borja
4070,Borja
1701,Borja Bastón
2140,Borja Ekiza
2543,Borja Iglesias
2252,Borja Mayoral
7871,Borja Sainz
1422,Borja Valero
5188,Borja Valle
2402,Borja Viguera
7075,Borna Sosa
3747,Boschilia
1959,Bosko Jankovic
1572,Bostjan Cesar
6708,Bote Baku
5789,Boubacar Kamara
6310,Boubakary Soumare
1490,Boukary Dramé
7224,Boulaye Dia
3393,Bouna Sarr
662,Brad Guzan
6421,Brahim Diaz
6227,Brais Méndez
6206,Bram Nuytinck
8639,Brandon Soppy
8075,Brandon Williams
3327,Brandão
216,Branimir Hrgota
682,Branislav Ivanovic
3444,Brayan Perea
933,Brede Hangeland
5356,Breel Embolo
6960,Bremer
7736,Brendan Chardonnet
909,Brendan Galloway
3605,Brice Dja Djédjé
4748,Brice Samba
1008,Brown Ideye
2235,Bruma
2444,Bruno
2302,Bruno
6046,Bruno
1399,Bruno Alves
4883,Bruno Ecuele Manga
1228,Bruno Fernandes
5084,Bruno Gama
6173,Bruno Gaspar
8327,Bruno Guimarães
1268,Bruno Henrique
1355,Bruno Martella
1743,Bruno Martins Indi
1567,Bruno Peres
4930,Bruno Petkovic
4067,Bruno Zuculini
1168,Bryan Cristante
3340,Bryan Dabo
7338,Bryan Gil Salvatierra
598,Bryan Oviedo
4855,Bryan Pelé
7322,Bukayo Saka
8637,Burak Yilmaz
2432,Burgui
5088,Buñuel
2419,Cabral
5646,Cafú
5264,Caglar Söyüncü
5177,Caio Henrique
272,Caiuby
2193,Cala
6456,Callum Hudson-Odoi
6826,Callum Paterson
4476,Callum Robinson
468,Callum Wilson
508,Calum Chambers
1037,Cameron Borthwick-Jackson
794,Cameron Jerome
7015,Camillo Ciano
8406,Can Bozdogan
2322,Cani
938,Carl Jenkinson
2176,Carl Medjani
5058,Carles Aleñá
670,Carles Gil
7609,Carles Pérez
7128,Carlos Akapo
1125,Carlos Bacca
1938,Carlos Carbonero
1557,Carlos Carmona
2214,Carlos Carmona
2223,Carlos Castro
5101,Carlos Clerc
4753,Carlos Eduardo
1276,Carlos Embalo
2070,Carlos Fernández
69,Carlos Gruezo
2348,Carlos Kameni
2512,Carlos Martínez
7864,Carlos Neva
1417,Carlos Salcedo
2478,Carlos Soler
667,Carlos Sánchez
3848,Carlos Tévez
2416,Carlos Vela
7395,Carlos Vinicius
284,Carlos Zambrano
4383,Carlton Cole
2184,Casadesús
2248,Casemiro
3344,Casimir Ninga
7801,Cauly Oliveira Souza
8790,Cebio Soukou
6522,Cedric Teuchert
5617,Cedric Varrault
4281,Cedrick Makiadi
2466,Celso Borges
6162,Cengiz Ünder
6477,Cenk Tosun
1197,Cesare Bovo
686,Cesc Fàbregas
97,Ceyhun Gülselam
4099,Cezary Wilk
6089,Chadrac Akolo
3534,Chaker Alhadhur
849,Chancel Mbemba
3442,Chaouki Ben Saada
6517,Charalampos Lykogiannis
2339,Charles
454,Charles Aránguiz
3500,Charles Diers
1066,Charles N&#039;Zogbia
7316,Charles Nathan Abi
3655,Charles Traore
873,Charlie Adam
848,Charlie Austin
459,Charlie Daniels
6044,Charlie Taylor
2147,Charly Musonda
7700,Che Adams
2426,Chechu Dorado
3577,Cheick Diabaté
4741,Cheick Doukoure
8666,Cheick Oumar Doucoure
6898,Cheick Timite
854,Cheick Tioté
6889,Cheick Traoré
3222,Cheikh M&#039;Bengue
3492,Cheikh Ndoye
532,Cheikhou Kouyaté
6216,Chema Rodríguez
191,Chicharito
6017,Chidozie Awaziem
4389,Chris Baird
7704,Chris Basham
904,Chris Brunt
6032,Chris Löwe
3582,Chris Mavinga
7384,Chris Mepham
4793,Chris Philipps
8430,Chris Richards
628,Chris Smalling
4456,Chris Wood
1821,Christian Abbiati
2344,Christian Atsu
606,Christian Benteke
4751,Christian Brüls
49,Christian Clemens
646,Christian Eriksen
749,Christian Fuchs
8796,Christian Gebauer
60,Christian Gentner
7815,Christian Groß
4243,Christian Günter
1725,Christian Kabasele
3533,Christian Kouakou
7091,Christian Kouamé
1391,Christian Maggio
1,Christian Mathenia
7417,Christian Oliva
1220,Christian Puggioni
2662,Christian Pulisic
5115,Christian Santos
94,Christian Schulz
4268,Christian Strohdiek
146,Christian Träsch
7422,Christoph Baumgartner
274,Christoph Janker
187,Christoph Kramer
54,Christoph Moritz
7990,Christoph Zimmermann
5998,Christophe Herelle
3566,Christophe Jallet
3470,Christophe Kerbrat
4708,Christophe Mandanne
7798,Christopher Antwi-Adjei
4345,Christopher Jullien
7876,Christopher Lenz
3659,Christopher Maboulou
3300,Christopher Nkunku
6031,Christopher Schindler
7875,Christopher Trimmel
875,Ciaran Clark
1416,Ciprian Tatarusanu
1209,Ciro Immobile
1353,Claiton
4716,Clarck N&#039;Sikulu
1475,Claud Adjapong
2502,Claudio Beauvue
1731,Claudio Bravo
1300,Claudio Marchisio
122,Claudio Pizarro
3842,Claudio Terzi
808,Claudio Yacob
117,Clemens Fritz
5050,Clement Lenglet
5774,Clement Michelin
4398,Clint Hill
960,Clinton N&#039;Jie
166,Cléber
3258,Clément Chantôme
3568,Clément Grenier
3369,Clément Maury
2073,Coke
6907,Colin Dagba
6035,Collin Quaner
519,Connor Wickham
6851,Conor Coady
9040,Conor Gallagher
7721,Conor Hourihane
8905,Conor Townsend
298,Constant Djakpa
3445,Corentin Jean
3603,Corentin Tolisso
4112,Coro
4045,Corona
580,Costel Pantilimon
581,Craig Cathcart
804,Craig Dawson
812,Craig Gardner
1709,Cristhian Stuani
1515,Cristian Ansaldi
7734,Cristian Battocchio
1476,Cristian Dell&#039;Orco
4113,Cristian Herrera
3823,Cristian Ledesma
1597,Cristian Molinaro
1499,Cristian Raimondi
5076,Cristian Rivera
3970,Cristian Rodríguez
7218,Cristian Romero
1421,Cristian Tello
1895,Cristian Zaccardo
1133,Cristian Zapata
4121,Cristian Álvarez
1164,Cristiano Biraghi
3910,Cristiano Del Grosso
1218,Cristiano Lombardi
2560,Cristiano Piccini
2371,Cristiano Ronaldo
3830,Cristóbal Jorquera
832,Cuco Martina
1686,Curtis Davies
6665,Curtis Jones
1147,Cyril Théréau
6833,Cyrus Christie
2306,Cédric Bakambu
4786,Cédric Barbosa
8794,Cédric Brunner
4719,Cédric Cambon
3727,Cédric Carrasso
4710,Cédric Mongongu
847,Cédric Soares
3257,Cédric Yambéré
681,César Azpilicueta
8882,Daam Foulon
9234,Daan Dierckx
6145,Daichi Kamada
5699,Dalbert
6051,Dale Stephens
548,Daley Blind
7899,Daley Sinkgraven
731,Dame N&#039;Doye
3542,Damien Da Silva
511,Damien Delaney
3118,Damien Le Tallec
6952,Damián Musto
2194,Damián Suárez
3375,Damjan Djokovic
7382,Dan Burn
462,Dan Gosling
8662,Dan Ndoye
6103,Dan-Axel Zagadou
1288,Dani Alves
2597,Dani Calvo
2355,Dani Castellano
2446,Dani Ceballos
8769,Dani Escriche
2130,Dani García
8774,Dani Gómez
7889,Dani Martín
2497,Dani Ndi
8292,Dani Olmo
7841,Dani Rodríguez
759,Daniel Amartey
1718,Daniel Ayala
268,Daniel Baier
6130,Daniel Bessa
38,Daniel Brosinski
4259,Daniel Brückner
157,Daniel Caligiuri
4103,Daniel Candeias
2069,Daniel Carriço
2260,Daniel Carvajal
1868,Daniel Ciofani
3338,Daniel Congré
8108,Daniel Cárdenas
300,Daniel Didavi
752,Daniel Drinkwater
426,Daniel Ginczek
4277,Daniel Halfar
5283,Daniel Heuer Fernandes
5595,Daniel James
385,Daniel Opare
2378,Daniel Parejo
1602,Daniel Pavlovic
4151,Daniel Pinillos
8291,Daniel Podence
56,Daniel Schwaab
483,Daniel Sturridge
5048,Daniel Torres
2284,Daniel Wass
1182,Daniele Baselli
2297,Daniele Bonera
3853,Daniele Capelli
3937,Daniele Conti
1312,Daniele Croce
1249,Daniele De Rossi
1412,Daniele Dessena
3890,Daniele Galloppa
1579,Daniele Gastaldello
1195,Daniele Padelli
1301,Daniele Rugani
2044,Daniele Verde
6478,Danijel Milicevic
3416,Danijel Subasic
1140,Danilo
2244,Danilo
2387,Danilo
1933,Danilo Avelar
1206,Danilo Cataldi
1523,Danilo D&#039;Ambrosio
9060,Danilo Pereira
1871,Danilo Soddimo
932,Danny Graham
986,Danny Ings
43,Danny Latza
641,Danny Rose
746,Danny Simpson
501,Danny Welbeck
6037,Danny Williams
249,Danny da Costa
148,Dante
4210,Dany Nounkeu
8756,Dara O&#039;Shea
7082,Darijo Srna
4851,Dario Cvitanich
1331,Dario Dainelli
8003,Dario Maresic
5037,Darko Brasanac
1106,Darko Lazovic
4391,Darnell Furlong
809,Darren Fletcher
540,Darren Randolph
921,Darron Gibson
4226,Darwin Machís
764,Daryl Janmaat
7716,Darío Benedetto
2636,Darío Lezcano
283,David Abraham
391,David Alaba
2087,David Barral
6820,David Brooks
4160,David Costas
3376,David Ducourtioux
6956,David Ferreiro
2352,David García
5090,David García
1646,David Ivan
1787,David Jones
2128,David Juncà
1676,David Luiz
1857,David López
1684,David Marshall
7711,David McGoldrick
1693,David Meyler
2177,David Navarro
3245,David Ngog
1753,David Nugent
505,David Ospina
3886,David Pizarro
4761,David Rozehnal
617,David Silva
2364,David Simón
2415,David Soria
5066,David Timor
2230,David Zurutuza
546,David de Gea
1419,Davide Astori
1558,Davide Bassi
1467,Davide Biondini
1114,Davide Biraschi
1243,Davide Brivio
1574,Davide Calabria
1404,Davide Di Gennaro
1509,Davide Santon
1178,Davide Zappacosta
4280,Davie Selke
6249,Davinson Sánchez
6045,Davy Klaassen
6050,Davy Pröpper
6190,Dawid Kownacki
5243,Dayotchanculle Upamecano
2452,De Marcos
5096,De las Cuevas
727,DeAndre Yedlin
1086,Dean Hammond
7702,Dean Henderson
1658,Dean Marney
5553,Declan Rice
799,Declan Rudd
4468,Dedryck Boyata
4072,Deivid
6691,Dejan Kulusevski
3869,Dejan Lazarevic
602,Dejan Lovren
645,Dele Alli
762,Demarai Gray
3781,Denis Bouanga
2494,Denis Cheryshev
7077,Denis Odoi
3502,Denis Petric
2308,Denis Suárez
7940,Denis Vavro
6147,Denis Zakaria
334,Dennis Aogo
3521,Dennis Appiah
175,Dennis Diekmeier
6081,Dennis Geiger
9303,Dennis Man
1234,Dennis Praet
7822,Dennis Srbeny
7731,Denys Bain
8004,Dereck Kutesa
4137,Derek Boateng
8805,Deyovaisio Zeefuik
2185,Deyverson
7868,Diadie Samassékou
656,Diafra Sakho
5641,Diallo Guidileye
2530,Didier Digard
4434,Didier Drogba
1720,Didier Ndong
3242,Diego
2373,Diego Alves
145,Diego Benaglio
1924,Diego Capel
5712,Diego Carlos
4094,Diego Castro
4061,Diego Colotto
3255,Diego Contento
802,Diego Costa
5246,Diego Demme
1360,Diego Falcinelli
1605,Diego Farias
2264,Diego Godín
2071,Diego González
7354,Diego Lainez
1100,Diego Laxalt
2163,Diego Llorente
1618,Diego López
2563,Diego Mainz
2174,Diego Mariño
1539,Diego Perotti
2236,Diego Reyes
5065,Diego Rico
3261,Diego Rolan
795,Dieumerci Mbokani
5686,Digbo Maiga
4727,Dimitar Berbatov
7957,Dimitri Bisoli
2509,Dimitri Foulquier
4833,Dimitri Kevin Cavare
536,Dimitri Payet
5064,Dimitrios Siovas
3591,Dimitry Bertaud
7281,Diogo Dalot
2024,Diogo Figueiras
6854,Diogo Jota
484,Divock Origi
4712,Djakaridja Koné
1365,Djamel Mesbah
6151,Djené Dakonam
3357,Djibril Sidibe
2624,Djibril Sow
5978,Dmitri Lienard
5706,Dodi Lukebakio
1533,Dodô
7755,Domagoj Bradaric
1612,Domenico Berardi
3065,Domenico Criscito
1439,Domenico Maietta
4114,Domingo Cisma
7860,Domingos Duarte
5555,Dominic Calvert-Lewin
130,Dominic Maroh
1679,Dominic Solanke
7789,Dominick Drexler
5252,Dominik Kaiser
269,Dominik Kohr
16,Dominik Stroh-Engel
129,Dominique Heintz
1048,Donald Love
276,Dong-Won Ji
8821,Donny van de Beek
2421,Doria
3654,Dorian Lévêque
2504,Douglas
393,Douglas Costa
6122,Douglas Luiz
5286,Douglas Santos
4809,Dragos Grigore
1384,Dries Mertens
4723,Drissa Diakité
2345,Duda
7007,Duje Caleta-Car
2340,Duje Cop
919,Duncan Watmore
5707,Durel Avounou
1201,Dusan Basta
136,Dusan Svento
840,Dusan Tadic
3435,Dusan Veskovac
7084,Dusan Vlahovic
1148,Duván Zapata
743,Dwight Gayle
6756,Dwight McNeil
4805,Dylan Bahamboula
8244,Dylan Bronn
4131,Dídac Vilá
8706,Eberechi Eze
8161,Ebrima Colley
6482,Eddie Nketiah
6203,Eddie Salcedo
1627,Eddy Gnahore
701,Eden Hazard
1097,Edenilson
963,Eder
7829,Eder Militão
6054,Ederson
8890,Edgar Badía
1225,Edgar Barreto
8142,Edgar González
6010,Edgar Ié
2088,Edgar Méndez
100,Edgar Prib
4016,Edimar
1673,Edimilson Fernandes
1253,Edin Dzeko
3294,Edinson Cavani
8317,Edmond Tapsoba
1264,Edoardo Goldaniga
6880,Edouard Mendy
1882,Edson Braafheid
4109,Edu Albácar
5081,Edu Expósito
4063,Eduard Campabadal
7043,Eduard Löwen
7359,Eduardo Camavinga
8839,Eduardo Henrique
85,Eduardo Vargas
7737,Efthymios Koulouris
2438,Egor Filipenko
5678,Eiji Kawashima
8294,El Bilal Touré
4789,El-Hadji Ba
3419,Elderson Echiéjilé
1697,Eldin Jakupovic
5954,Eldor Shomurodov
626,Eliaquim Mangala
248,Elias Kachunga
4367,Eljero Elia
7912,Eljif Elmas
3347,Ellyes Skhiri
1375,Elseid Hysaj
2404,Elustondo
6445,Elvis Rexhbecaj
1976,Emanuel Insúa
5723,Emanuel Mammana
4943,Emanuel Vignato
1033,Emanuele Giaccherini
8121,Emanuele Ndoj
1897,Emanuele Suagher
1527,Emanuele Terranova
1245,Emerson
7430,Emerson
1302,Emil Audero
6408,Emil Berggreen
5249,Emil Forsberg
1151,Emil Hallfredsson
1545,Emil Krafth
7230,Emile Smith-Rowe
2203,Emiliano Buendía
59,Emiliano Insúa
4401,Emiliano Martinez
1196,Emiliano Moretti
6282,Emiliano Rigoni
3406,Emiliano Sala
2207,Emiliano Velázquez
1532,Emiliano Viviano
165,Emir Spahic
521,Emmanuel Adebayor
1150,Emmanuel Badu
6218,Emmanuel Boateng
5967,Emmanuel Bourgaud
3854,Emmanuel Cascione
9301,Emmanuel Dennis
538,Emmanuel Emenike
8913,Emmanuel Gyasi
3622,Emmanuel Imorou
777,Emmanuel Rivière
604,Emre Can
5080,Emre Colak
5272,Emre Mor
7707,Enda Stevens
2393,Eneko Bóveda
6219,Enes Ünal
6217,Enis Bardhi
539,Enner Valencia
3652,Enock Kwateng
7349,Enric Gallego
6199,Enrico Brignola
7104,Enrico Valentini
3260,Enzo Crivelli
8651,Enzo Le Fée
6712,Enzo Loiodice
1835,Enzo Maresca
2376,Enzo Pérez
2109,Enzo Roco
2409,Eraso
1739,Eric Bailly
643,Eric Dier
8045,Eric Garcia
7562,Eric Junior Dina Ebimbe
339,Eric Maxim Choupo-Moting
5642,Erick Cabaco
1448,Erick Pulgar
2640,Erik Durm
5079,Erik Exposito
644,Erik Lamela
4185,Erik Morán
887,Erik Pieters
2676,Erik Thommy
8260,Erling Haaland
6496,Ermedin Demirovic
84,Ermin Bicakcic
3411,Ermir Lenjani
5986,Ernest Seka
7993,Ernesto Torregrossa
1842,Eros Pisano
1497,Ervin Zukanovic
3676,Erwin Koffi
6002,Erwin Zelazny
8135,Esteban Burgos
4440,Esteban Cambiasso
2240,Esteban Granero
6297,Esteban Rolón
5136,Estupiñán
6369,Ethan Ampadu
572,Etienne Capoue
9294,Etienne Green
1483,Etrit Berisha
2394,Etxeita
86,Eugen Polanski
1113,Eugenio Lamanna
472,Eunan O&#039;Kane
7049,Evan Ndicka
5550,Evandro
6516,Everton Luiz
7977,Evgen Shakhov
7213,Ewerton
8325,Exequiel Palacios
3056,Ezequiel Garay
3643,Ezequiel Lavezzi
1095,Ezequiel Muñoz
2057,Ezequiel Ponce
3873,Ezequiel Schelotto
6955,Ezequiel Ávila
8722,Ezgjan Alioski
7726,Ezri Konsa Ngoyo
4056,Eñaut Zubikarai
7030,Fabian Bredlow
876,Fabian Delph
441,Fabian Frei
5,Fabian Holland
327,Fabian Johnson
8792,Fabian Klos
8793,Fabian Kunze
25,Fabian Lustenberger
76,Fabian Schär
3837,Fabiano Santacroce
3441,Fabien Camus
7763,Fabien Centonze
3509,Fabien Lemoine
3420,Fabinho
1752,Fabio
737,Fabio Borini
6235,Fabio Ceravolo
1909,Fabio Daprelà
1624,Fabio Depaoli
6192,Fabio Lucioni
1397,Fabio Pisacane
1230,Fabio Quagliarella
8778,Fabio Silva
2447,Fabián
6892,Fabián Balbuena
2285,Fabián Orellana
2587,Fabri
941,Fabricio Coloccini
1329,Fabrizio Cacciatore
1994,Fabrizio Poli
4515,Facundo Ferreyra
8664,Facundo Medina
9324,Facundo Pellistri
2855,Facundo Píriz
1884,Facundo Roncaglia
5635,Faitout Maouassa
696,Falcao
8741,Fali
3593,Fallou Diagne
5730,Famara Diedhiou
1387,Faouzi Ghoulam
5757,Farid Boulaya
5094,Fausto
4064,Fausto Rossi
2319,Faycal Fajr
2318,Fede Cartabia
7905,Fede San Emeterio
4069,Fede Vico
3851,Federico Agliardi
1320,Federico Barba
1424,Federico Bernardeschi
2019,Federico Bonazzoli
1370,Federico Ceccherini
1433,Federico Chiesa
1449,Federico Di Francesco
1324,Federico Dimarco
1867,Federico Dionisi
1000,Federico Fazio
708,Federico Fernández
1200,Federico Marchetti
1546,Federico Mattiello
1407,Federico Melchiorri
5309,Federico Palacios
1464,Federico Peluso
4133,Federico Piovaccari
2347,Federico Ricca
1470,Federico Ricci
6972,Federico Santander
6241,Federico Valverde
1456,Federico Viviani
2925,Fedor Smolov
7921,Felipe
1141,Felipe
105,Felipe
1208,Felipe Anderson
6530,Felipe Avenatti
2116,Felipe Caicedo
5170,Felipe Gutiérrez
1568,Felipe Melo
5716,Felipe Pardo
4705,Felipe Saad
8804,Felix Agu
5993,Felix Eboa Eboa
350,Felix Klaus
120,Felix Kroos
2663,Felix Passlack
404,Felix Platte
6100,Felix Uduokhai
109,Felix Wiedwald
3698,Ferebory Dore
4736,Ferjani Sassi
6233,Ferland Mendy
614,Fernandinho
1937,Fernando
615,Fernando
5078,Fernando Amorebieta
6916,Fernando Calero
1030,Fernando Forestieri
1728,Fernando Llorente
5708,Fernando Marçal
2467,Fernando Navarro
8271,Fernando Niño
5042,Fernando Pacheco
4048,Fernando Soriano
2540,Fernando Tissone
2271,Fernando Torres
6441,Ferrán Torres
4146,Fidel
703,Fikayo Tomori
6987,Filip Bradaric
1213,Filip Djordjevic
1233,Filip Djuricic
1440,Filip Helander
7936,Filip Jagiello
64,Filip Kostic
8966,Filip Krovinovic
8738,Filip Malbasic
2644,Filip Mladenovic
2265,Filipe Luis
1559,Filippo Costa
1979,Filippo Falco
2058,Filippo Romagna
115,Fin Bartels
5687,Firmin Ndombe Mubele
5655,Flavien Tait
8663,Flavius Daniliuc
3563,Florent Balmont
5215,Florent Hadergjonaj
4737,Florent Malouda
5677,Florent Mollet
7164,Florent Muslija
3505,Florentin Pogba
7960,Florian Aye
116,Florian Grillitsch
4267,Florian Hartherz
6097,Florian Hübner
7,Florian Jungwirth
5231,Florian Kainz
7818,Florian Kastenmeier
4344,Florian Kath
383,Florian Klein
5073,Florian Lejeune
3323,Florian Marange
6862,Florian Miguel
5328,Florian Müller
7065,Florian Neuhaus
306,Florian Niederlechner
3548,Florian Raspentino
3348,Florian Sotoca
942,Florian Thauvin
8397,Florian Wirtz
4068,Florin Andone
4405,Florin Gardos
3328,Floyd Ayité
5803,Fode Toure
2600,Fontàs
5692,Fouad Chafik
2481,Foued Kadir
5767,Fousseni Diabate
634,Fraizer Campbell
6931,Fran Beltrán
7847,Fran Gámez
5130,Fran Mérida
2084,Fran Rico
4044,Fran Vélez
1463,Francesco Acerbi
1989,Francesco Bardi
2056,Francesco Benussi
2002,Francesco Bolzoni
6980,Francesco Caputo
1998,Francesco Cassata
1562,Francesco Lodi
1466,Francesco Magnanelli
3938,Francesco Pisano
1632,Francesco Renzetti
3810,Francesco Tavano
1255,Francesco Totti
6179,Francesco Vicari
1161,Francesco Zampano
6166,Francis
497,Francis Coquelin
2151,Francisco Molinero
2149,Francisco Portillo
3692,Franck Beria
3314,Franck Honorat
1489,Franck Kessié
329,Franck Ribéry
3555,Franck Signorino
980,Franck Tabanou
6434,Franck Zambo
1611,Franco Brienza
341,Franco Di Santo
1607,Franco Signorelli
1836,Franco Vázquez
3457,Francois Bellugou
3759,Francois Clerc
3333,Francois Kamano
3319,Francois Modesto
4418,Frank Lampard
3205,François Moubandje
831,Fraser Forster
6817,Fred
3253,Frederic Guilbert
5621,Frederic Sammaritano
1316,Frederic Veseli
7048,Frederik Rönnow
138,Frederik Sörensen
1949,Fredy Guarín
4086,Fredy Hinestroza
7781,Frenkie de Jong
3664,Frédéric Bulot
2545,Fuentes
3633,Fábio Coentrão
2268,Gabi
493,Gabriel
1132,Gabriel
5613,Gabriel
890,Gabriel Agbonlahor
7824,Gabriel Fernández
5543,Gabriel Jesus
7752,Gabriel Martinelli
5051,Gabriel Mercado
851,Gabriel Obertan
1118,Gabriel Paletta
6469,Gabriel Peñalba
5067,Gabriel Pires
1920,Gabriel Silva
7944,Gabriel Strefezza
1088,Gabriele Angella
3852,Gabriele Perico
8857,Gabriele Zappa
3859,Gaby Mudingayi
3499,Gael Angoula
3746,Gaetan Laborde
6868,Gaetan Paquiez
7909,Gaetano Castrovilli
1972,Gaetano Letizia
4162,Gaizka Toquero
6153,Gaku Shibasaki
5111,Ganso
2251,Gareth Bale
590,Gareth Barry
806,Gareth McAuley
699,Gary Cahill
1510,Gary Medel
796,Gary O&#039;Neil
1165,Gastón Brugman
952,Gastón Ramírez
1934,Gastón Silva
5727,Gauthier Hein
7728,Gautier Larsonneur
613,Gaël Clichy
3329,Gaël Danic
2549,Gaël Kakuta
7907,Gaëtan Belaud
6105,Gaëtan Bong
354,Gaëtan Bussmann
3243,Gaëtan Charbonnier
4846,Gaëtan Courtet
3224,Gelson Fernandes
7012,Gelson Martins
7353,Gen Shoji
35,Genki Haraguchi
1346,Gennaro Sardo
859,Geoff Cameron
3703,Geoffrey Jourdren
1516,Geoffrey Kondogbia
61,Geoffroy Serey Dié
7031,Georg Margreitter
58,Georg Niedermeier
5259,Georg Teigl
7706,George Baldock
1656,George Boyd
1708,George Friend
3872,George Puscas
5674,Georges Mandjeck
1729,Georges-Kévin Nkoudou
771,Georginio Wijnaldum
8034,Georgios Kyriakopoulos
591,Gerard Deulofeu
2609,Gerard Gumbau
2120,Gerard Moreno
2092,Gerard Piqué
1984,Germán Denis
2503,Germán Lux
2143,Germán Pezzella
7861,Germán Sánchez
5270,Gerrit Holtmann
1258,Gerson
1943,Gervinho
6293,Gerzino Nyamsi
5987,Gerónimo Poblete
2225,Gerónimo Rulli
6882,Ghislain Konan
1121,Giacomo Bonaventura
7500,Giacomo Raspadori
1847,Giampaolo Pazzini
1911,Giampiero Pinzi
294,Gian-Luca Waldschmidt
1534,Giancarlo Gonzalez
7002,Giangiacomo Magnani
1170,Gianluca Caprari
6197,Gianluca Di Chiara
5028,Gianluca Frabotta
1136,Gianluca Lapadula
6159,Gianluca Mancini
6253,Gianluca Scamacca
1285,Gianluigi Buffon
1116,Gianluigi Donnarumma
1354,Gianmarco Ferrari
861,Giannelli Imbula
2999,Gianni Bruno
1983,Gianpaolo Bellini
168,Gideon Jung
3769,Gil Dias
1967,Gilberto
3597,Gilles Cioni
3493,Gilles Sunu
2278,Giménez
1576,Giorgio Chiellini
5681,Giovani Lo Celso
4101,Giovani dos Santos
6978,Giovanni Di Lorenzo
1630,Giovanni Marchese
1889,Giovanni Pasquale
8191,Giovanni Reyna
1102,Giovanni Simeone
3228,Giovanni Sio
193,Giulio Donati
8944,Giulio Maggiore
1503,Giulio Migliaccio
1308,Giuseppe Bellusci
3909,Giuseppe Biava
1591,Giuseppe Cuomo
3855,Giuseppe De Feudis
1281,Giuseppe Pezzella
1644,Giuseppe Rossi
1194,Giuseppe Vives
944,Glen Johnson
882,Glenn Murray
862,Glenn Whelan
1452,Godfred Donsah
386,Gojko Kacar
3815,Gonzalo Bergessio
316,Gonzalo Castro
2342,Gonzalo Castro
2437,Gonzalo Escalante
1293,Gonzalo Higuaín
50,Gonzalo Jara
6953,Gonzalo Melero
1418,Gonzalo Rodríguez
8891,Gonzalo Verdú
6750,Gonzalo Villar
5682,Gonçalo Guedes
7051,Gonçalo Paciência
5092,Goran Causic
1115,Goran Pandev
2392,Gorka Iraizoz
164,Gotoku Sakai
6651,Grady Diangana
801,Graham Dorrans
204,Granit Xhaka
7690,Grant Hanley
5542,Grant Leadbitter
841,Graziano Pellè
6831,Greg Cunningham
1468,Gregoire Defrel
5288,Gregor Kobel
3287,Gregory Van der Wiel
3663,Grejohn Kyei
4340,Grischa Prömel
2414,Grzegorz Krychowiak
4756,Grégoire Puel
3497,Grégory Bourillon
3614,Grégory Pujol
3809,Grégory Sertic
2218,Guerrero
5961,Guessouma Fofana
1556,Guglielmo Stendardo
5302,Guido Burgstaller
3424,Guido Carrillo
1314,Guido Marilungo
4734,Guido Milan
6135,Guido Pizarro
8267,Guido Rodríguez
6502,Guilherme
1891,Guilherme
6572,Guilherme Arana
2375,Guilherme Siqueira
3403,Guillaume Gillet
4159,Guillermo
6073,Guillermo Maripán
2330,Guillermo Ochoa
3901,Guillermo Rodríguez
4745,Guirane N&#039;Daw
2408,Gurpegi
3898,Gustavo Campanharo
1128,Gustavo Gómez
5627,Guy N&#039;Dy Assembe
3587,Guy N&#039;Gosso
714,Gylfi Sigurdsson
2,György Garics
761,Gökhan Inler
5769,Habib Diallo
1270,Haitam Aleesami
4317,Hajime Hosogai
189,Hakan Calhanoglu
8992,Hakim Ziyech
1738,Hal Robson-Kanu
280,Halil Altintop
3239,Hamari Traore
6986,Hamed Junior Traore
5280,Hamit Altintop
6418,Hamza Choudhury
5728,Hamza Mendyl
8171,Hannes Wolf
7035,Hanno Behrens
4941,Hans Hateboer
7732,Haris Belkebla
7774,Haris Duljevic
2590,Haris Medunjanin
291,Haris Seferovic
7750,Harold Moukoudi
5964,Harrison Manzala
910,Harrison Reed
881,Harry Arter
647,Harry Kane
1687,Harry Maguire
5596,Harry Wilson
971,Harry Winks
6681,Harvey Barnes
3729,Hassane Kamara
3638,Hatem Ben Arfa
2445,Heiko Westermann
9340,Helibelton Palacios
7046,Hendrik Weydandt
3273,Henri Bedimo
778,Henri Saivet
317,Henrikh Mkhitaryan
2030,Henrique
1291,Hernanes
5509,Hernani
2429,Hernán
2115,Hernán Pérez
1594,Hernán Toledo
7872,Hernâni
3532,Herve Bazile
6870,Herve Lybohy
3598,Hervin Ongenda
564,Heurelho Gomes
8050,Hichem Boudaoui
7000,Hidde ter Avest
3337,Hilton
92,Hiroki Sakai
396,Hiroshi Kiyotake
7999,Hirving Lozano
219,Holger Badstuber
406,Hong Jeong-ho
8649,Houboulang Mendes
5733,Houssem Aouar
1429,Hrvoje Milic
2680,Hugo Almeida
1162,Hugo Campagnaro
8334,Hugo Guillamón
637,Hugo Lloris
5742,Hugo Magnetti
2281,Hugo Mallo
7746,Hwang Ui-Jo
202,Håvard Nordtveit
2237,Héctor
492,Héctor Bellerín
7893,Héctor Herrera
4059,Héctor Moreno
4207,Héctor Rodas
3428,Hélder Costa
5054,Hélder Lopes
4184,Hélder Postiga
4065,Héldon
3924,Hördur Bjorgvin Magnusson
8065,Iago
2290,Iago Aspas
1185,Iago Falque
2407,Iago Herrerín
2491,Ibai Gómez
7413,Ibañez
864,Ibrahim Afellay
3358,Ibrahim Amadou
5722,Ibrahim Sangare
6736,Ibrahima Diallo
6326,Ibrahima Konaté
1458,Ibrahima Mbaye
5988,Ibrahima Niane
6904,Ibrahima Sissoko
207,Ibrahima Traoré
7840,Iddrisu Baba
5979,Idriss Saadi
6783,Idrissa Doumbia
668,Idrissa Gueye
2336,Ignacio Camacho
6997,Ignacio Pussetto
6442,Ignasi Miquel
6238,Ignatius Ganago
1135,Ignazio Abate
2054,Igor Bubnjic
7943,Igor Julio
5667,Igor Lewczuk
2417,Igor Zubeldia
6271,Ihlas Bebou
5982,Ihsan Sacko
577,Ikechi Anya
2349,Ikechukwu Uche
4097,Iker Casillas
9243,Ilaix Moriba
1272,Ilija Nestorovski
314,Ilkay Gündogan
8715,Illan Meslier
2535,Imanol Agirretxe
5160,Imanol García
4288,Immanuel Höhn
6550,Imoh Ezekiel
7278,Imran Louza
2139,Ion Ansotegi
1830,Ionut Radu
5724,Irvin Cardona
8731,Isaac Carcelén
1112,Isaac Cofie
2081,Isaac Cuenca
6062,Isaac Hayden
5662,Isaac Mbenza
1724,Isaac Success
3712,Isaac Thelin
2255,Isco
3834,Ishak Belfodil
1682,Islam Slimani
2211,Isma López
4704,Ismael Bangoura
6981,Ismael Bennacer
8667,Ismael Boura
3623,Ismael Diomande
3487,Ismael Traoré
8146,Ismail Jakobs
5675,Ismaila Sarr
1633,Issa Cissokho
3203,Issa Diop
3370,Issiaga Sylla
3754,Issiar Dia
4836,Itay Shechter
2398,Iturraspe
6536,Iuri Medeiros
3683,Ivan Cavaleiro
8828,Ivan Ilic
3932,Ivan Martic
448,Ivan Perisic
6982,Ivan Provedel
1341,Ivan Radovanovic
2094,Ivan Rakitic
5701,Ivan Santini
1378,Ivan Strinic
1271,Ivaylo Chochev
2653,Iver Fossum
2528,Ivi
303,Ivica Olic
172,Ivo Ilicevic
786,Ivo Pinto
6226,Iván Alejo
5672,Iván Balliu
2208,Iván Cuéllar
2175,Iván López
6965,Iván Marcano
9033,Iván Marcone
1887,Iván Piris
2127,Iván Ramis
5033,Iván Villar
2136,Izet Hajrovic
2399,Iñaki Williams
6150,Iñigo Córdoba
2484,Iñigo Martínez
8131,Iñigo Pérez
271,Ja-Cheol Koo
3241,Jaba Kankava
856,Jack Butland
767,Jack Colback
712,Jack Cork
675,Jack Grealish
8720,Jack Harrison
7705,Jack O&#039;Connell
8286,Jack Robinson
733,Jack Rodwell
7823,Jack Stacey
1735,Jack Stephens
1036,Jack Wilshere
2548,Jackson Martínez
5355,Jacob Bruun Larsen
8795,Jacob Laursen
6063,Jacob Murphy
8941,Jacob Ramsey
6979,Jacob Rasmussen
7971,Jacopo Petriccione
1221,Jacopo Sala
3378,Jacques Zoua
3391,Jacques-Alaixys Romao
6345,Jadon Sancho
6518,Jagos Vukovic
7009,Jaime Mata
5099,Jaime Romero
7493,Jaime Seoane
9008,Jairo Izquierdo
6027,Jairo Riedewald
46,Jairo Samperio
4455,Jak Alnwick
1689,Jake Livermore
7207,Jakob Johansson
1966,Jakub Blaszczykowski
1146,Jakub Jankto
9284,Jakub Moder
766,Jamaal Lascelles
7691,Jamal Lewis
8418,Jamal Musiala
3341,Jamel Saihi
819,James Chester
655,James Collins
5770,James Edward Lea Siliki
7753,James Justin
6818,James Maddison
633,James McArthur
589,James McCarthy
814,James McClean
489,James Milner
990,James Morrison
2249,James Rodríguez
1665,James Tarkowski
530,James Tomkins
843,James Ward-Prowse
755,Jamie Vardy
7794,Jamilu Collins
6042,Jan Bednarek
232,Jan Kirchhoff
367,Jan Morávek
2261,Jan Oblak
6279,Jan Repas
10,Jan Rosenthal
8205,Jan Thielmann
640,Jan Vertonghen
266,Jan-Ingwer Callsen-Bracker
124,Janek Sternberg
4271,Janik Haberer
6348,Jann-Fiete Arp
2627,Jannes Horn
51,Jannik Huth
111,Jannik Vestergaard
8222,Japhet Tanganga
7962,Jaromir Zmrhal
178,Jaroslav Drobny
3620,Jaroslav Plasil
1776,Jarrod Bowen
1492,Jasmin Kurtic
4076,Jason
1039,Jason Denayer
514,Jason Puncheon
4421,Jason Shackell
5057,Jasper Cillessen
2475,Jaume
2539,Jaume Costa
7122,Javairo Dilrosun
2622,Javi Castellano
2377,Javi Fuego
7385,Javi Galán
3061,Javi García
2167,Javi Guerra
4135,Javi Lara
2108,Javi López
8263,Javi Martínez
225,Javi Martínez
6914,Javi Moyano
2422,Javi Márquez
2578,Javi Ontiveros
7245,Javi Sánchez
2367,Javi Varas
4118,Javier Aquino
4081,Javier Espinosa
2366,Javier Garrido
1719,Javier Manquillo
2091,Javier Mascherano
3295,Javier Pastore
3896,Javier Saviola
6546,Jawad El Yamiq
896,Jay Fulton
844,Jay Rodriguez
9205,Jayden Bogle
4467,Jazz Richards
4792,Jean Calvé
4811,Jean Eudes Aholou
7687,Jean Lucas
3312,Jean Michael Seri
7057,Jean Zimmer
3539,Jean-Armel Kana-Biyik
7730,Jean-Charles Castelletto
1531,Jean-Christophe Bahebeck
6816,Jean-Clair Todibo
3209,Jean-Daniel Akpa-Akpro
3983,Jean-François Gillet
4838,Jean-Jacques Pierre
3299,Jean-Kevin Augustin
8049,Jean-Kevin Duverne
3318,Jean-Louis Leca
7431,Jean-Manuel Mbom
7107,Jean-Paul Boëtius
4764,Jean-Philippe Gbamin
5735,Jean-Philippe Mateta
7762,Jean-Ricner Bellegarde
2077,Jean-Sylvain Babin
3536,Jean-Victor Makengo
1746,Jeff Hendrick
3651,Jeff Louis
1056,Jeff Reine-Adelaide
4299,Jefferson Farfán
2182,Jefferson Lerma
715,Jefferson Montero
5327,Jeffrey Bruma
2665,Jeffrey Gouweleeuw
757,Jeffrey Schlupp
1508,Jeison Murillo
3581,Jemerson
30,Jens Hegeler
8737,Jens Jonsson
8974,Jens Petter Hauge
6262,Jens Stryger Larsen
4261,Jens Wemmer
7933,Jerdy Schouten
781,Jeremain Lens
7813,Jeremiah St. Juste
3544,Jeremie Boga
3653,Jeremie Bréchet
3788,Jeremy Gelin
5985,Jeremy Grimm
8657,Jeremy Le Douaron
2101,Jeremy Mathieu
257,Jeremy Toljan
8949,Jeremías Ledesma
735,Jermain Defoe
8908,Jeroen Zoet
8692,Jerome Hergault
3374,Jerome Le Moigne
3631,Jerome Prior
1907,Jerry Mbakogu
3547,Jesper Hansen
4711,Jesper Juelsgaard
7955,Jesse Joronen
558,Jesse Lingard
6308,Jessy Deminguet
3518,Jessy Moulin
3439,Jessy Pi
2256,Jesé
2086,Jesús Fernández
2329,Jesús Gámez
616,Jesús Navas
5234,Jesús Vallejo
6143,Jetro Willems
6578,Jhon Chancellor
48,Jhon Córdoba
8071,Jhonder Cádiz
3477,Jimmy Briand
3456,Jimmy Cabot
5705,Jimmy Durmaz
6003,Jimmy Giraudon
77,Jin-Su Kim
6082,Jiri Pavlenka
6314,Joachim Andersen
9233,Joakim Maehle
8799,Joakim Nilsson
2122,Joan Jordán
7837,Joan Sastre
1969,Joan Verdú
7784,Joao Victor
2148,Joaquín
1809,Joaquín Correa
7233,Joaquín Fernández
4038,Joaquín Larrivey
480,Joe Allen
959,Joe Bennett
6834,Joe Bryan
609,Joe Hart
517,Joe Ledley
6825,Joe Ralls
6377,Joe Rodon
6630,Joe Willock
506,Joel Campbell
332,Joel Matip
1190,Joel Obi
5222,Joel Pohjanpalo
584,Joel Robles
510,Joel Ward
87,Joelinton
4430,Joey Barton
918,Joey O&#039;Brien
5628,Joffrey Cuffaut
3409,Johan Audel
302,Johan Djourou
5778,Johan Gastien
3625,Johan Martial
6242,Johan Mojica
1663,Johann Berg Gudmundsson
3236,Johann Carrasso
5999,Johann Obiang
6084,Johannes Eggestein
336,Johannes Geis
6815,John Bostock
7767,John Boye
22,John Brooks
7703,John Egan
7709,John Fleck
2287,John Guidetti
4238,John Heitinga
7708,John Lundstram
7723,John McGinn
6487,John Mendoza
729,John O&#039;Shea
685,John Obi Mikel
785,John Ruddy
586,John Stones
917,John Terry
3379,John Tshibumbu
3595,Johny Placide
5977,Joia Nuno Da Costa
664,Joleon Lescott
8938,Jon Ander Garrido
2238,Jon Bautista
2620,Jon Errasti
2641,Jon Gorenc Stankovic
5179,Jon Guridi
7857,Jon Moncayola
8727,Jon Morcillo
5203,Jon Serantes
131,Jonas Hector
320,Jonas Hofmann
3468,Jonas Lössl
3346,Jonas Martin
805,Jonas Olsson
8678,Jonas Omlin
4050,Jonathan
3749,Jonathan Bamba
1600,Jonathan Biabiany
3562,Jonathan Brison
7108,Jonathan Burkardt
6059,Jonathan Cafu
1672,Jonathan Calleri
8636,Jonathan Christian David
8697,Jonathan Clauss
3668,Jonathan Delaplace
7206,Jonathan Gradit
6301,Jonathan Hogg
5661,Jonathan Ikone
3350,Jonathan Ligali
2952,Jonathan Mensah
7247,Jonathan Panzo
3469,Jonathan Pereira
4744,Jonathan Rivierez
2327,Jonathan Rodríguez
81,Jonathan Schmid
6567,Jonathan Silva
183,Jonathan Tah
2358,Jonathan Viera
863,Jonathan Walters
1350,Jonathan de Guzmán
2307,Jonathan dos Santos
2480,Jonathas
769,Jonjo Shelvey
1084,Jonjoe Kenny
2280,Jonny
807,Jonny Evans
792,Jonny Howson
2216,Jony
2321,Jonás Gutiérrez
6243,Jonás Ramalho
322,Joo-Ho Park
3522,Jordan Adeoti
961,Jordan Amavi
672,Jordan Ayew
3275,Jordan Ferri
605,Jordan Henderson
5691,Jordan Ikoko
3528,Jordan Leborgne
6895,Jordan Lefort
5616,Jordan Loties
8660,Jordan Lotomba
1563,Jordan Lukaku
5725,Jordan Marié
3537,Jordan N&#039;Kololo
741,Jordan Pickford
3682,Jordan Siebatcheu
5238,Jordan Torunarigha
677,Jordan Veretout
2093,Jordi Alba
721,Jordi Amat
931,Jordi Gómez
2105,Jordi Masip
2181,Jordi Xumetra
481,Jordon Ibe
632,Jordon Mutch
837,Jordy Clasie
676,Jores Okore
5606,Jorge
8107,Jorge De Frutos
2210,Jorge Meré
6949,Jorge Miramón
2155,Jorge Molina
4123,Jorge Morcillo
8736,Jorge Pombo
6950,Jorge Pulido
1389,Jorginho
7739,Joris Chotard
3694,Joris Gnagnon
3606,Joris Marveaux
8893,Josan
1198,Josef Martínez
866,Joselu
8892,Josema
7826,Joseph Aidoo
987,Joseph Gomez
8323,Josh Brownhill
5587,Josh Maja
6828,Josh Murphy
7026,Joshua Brenet
223,Joshua Kimmich
465,Joshua King
7295,Joshua Sargent
5353,Josip Brekalo
209,Josip Drmic
6505,Josip Elez
1426,Josip Ilicic
1263,Josip Posavec
150,Josuha Guilavogui
7896,José Antonio Martínez
6470,José Arnáiz
3885,José Basanta
1382,José Callejón
4034,José Campaña
5125,José Carlos
2114,José Cañas
834,José Fonte
2505,José Gayá
568,José Holebas
6231,José Izquierdo
4733,José Luis Palomino
8433,José Manuel Fontán
2391,José Mari
1310,José Mauri
4485,José Pozo
1374,José Reina
4036,José Rodríguez
1130,José Sosa
5126,José Ángel
4117,José Ángel
962,José Ángel Crespo
2132,Jota
9031,Jota
2165,Jozabed
2379,João Cancelo
7892,João Félix
3422,João Moutinho
1512,João Mário
1592,João Pedro
8780,Joël Veltman
414,Juan Bernat
9104,Juan Brunetta
6954,Juan Camilo Hernández
2172,Juan Carlos
578,Juan Carlos Paredes
8744,Juan Cruz
1089,Juan Cuadrado
2546,Juan Domínguez
2552,Juan Emmanuel Culio
6897,Juan Ferney Otero
6306,Juan Foyth
9218,Juan Iglesias
827,Juan Iturbe
1247,Juan Jesus
4820,Juan Manuel Falcón
554,Juan Mata
7286,Juan Miranda
7095,Juan Musso
3627,Juan Quintero
2205,Juan Rodríguez
6257,Juan Soriano
4017,Juan Sánchez Miño
4150,Juan Valera
2448,Juan Vargas
1722,Juan Zuñiga
2262,Juanfran
2316,Juanfran
2178,Juanfran
1851,Juanito Gómez
2525,Juankar
897,Juanmi
6121,Juanpe
2343,Juanpi
8824,Jude Bellingham
3413,Jules Iloki
6433,Jules Koundé
42,Julian Baumgartlinger
261,Julian Brandt
7937,Julian Chabot
152,Julian Draxler
203,Julian Korb
3546,Julian Palmieri
6095,Julian Pollersbeck
7997,Julian Ryerson
2633,Julian Schieber
4245,Julian Schuster
523,Julian Speroni
372,Julian Weigl
3480,Julien Cardy
5632,Julien Cetout
4701,Julien Faubert
7729,Julien Faussurier
3527,Julien Féret
5970,Julien Ielsch
8650,Julien Laporte
4041,Julián
7219,Juninho Bacuna
5607,Junior Alonso
5637,Junior Dalé
4395,Junior Hoilett
8838,Junior Messias
6239,Junior Sambia
463,Junior Stanislas
3368,Junior Tallo
582,Jurado
1123,Juraj Kucka
6963,Justin Kluivert
8981,Jéremy Doku
5644,Jérémie Aliadière
5983,Jérémy Blayac
4779,Jérémy Choplin
3508,Jérémy Clément
6335,Jérémy Cordoval
2014,Jérémy Menez
3271,Jérémy Morel
1784,Jérémy Pied
3618,Jérémy Sorbon
3421,Jérémy Toulalan
220,Jérôme Boateng
8,Jérôme Gondorf
3339,Jérôme Roussillon
5622,Júlio Tavares
345,Júnior Caiçara
15,Júnior Díaz
6485,Júnior Firpo
6542,Jürgen Locadia
347,Kaan Ayhan
3372,Kader Mangane
5220,Kai Havertz
7795,Kai Pröger
8312,Kaj Sierhuis
1376,Kalidou Koulibaly
7223,Kalidou Sidibe
6232,Kalifa Coulibaly
4074,Kalu Uche
8719,Kalvin Phillips
1800,Kamil Glik
3231,Kamil Grosicki
3440,Karim Azamoum
186,Karim Bellarabi
2370,Karim Benzema
4244,Karim Guédé
1953,Karim Laribi
2631,Karim Onisiwo
3388,Karim Rekik
780,Karl Darlow
4394,Karl Henry
5657,Karl Toko Ekambi
5690,Karl-Johan Johnsson
7390,Karlan Grant
7945,Karlo Letica
1226,Karol Linetty
7024,Kasim Nuhu
8025,Kasper Dolberg
745,Kasper Schmeichel
4785,Kassim Abdallah
2043,Kastriot Dermaku
5663,Keagan Dolly
9163,Kean Bryan
1053,Keinan Davis
1124,Keisuke Honda
1210,Keita
2131,Keko
620,Kelechi Iheanacho
3785,Kelvin Adou
954,Kelvin Davis
7527,Kelyan Guessoum
7884,Ken Reichel
6841,Ken Sema
98,Kenan Karaman
5129,Kenan Kodro
689,Kenedy
7119,Kenneth Omeruo
6928,Kenneth Zohore
5975,Kenny Lala
7693,Kenny McLean
5973,Kenny Tete
5061,Kepa
7265,Kephren Thuram
5273,Kerem Demirbay
7401,Keven Schlotterbeck
4202,Kevin
8010,Kevin Agudelo
6327,Kevin Akpoguma
3951,Kevin Bonifazi
5261,Kevin Danso
447,Kevin De Bruyne
2442,Kevin Gameiro
3722,Kevin Gomis
2664,Kevin Großkreutz
188,Kevin Kampl
4700,Kevin Koubemba
255,Kevin Kurányi
1903,Kevin Lasagna
1747,Kevin Long
3632,Kevin Malcuit
983,Kevin Mbabu
6836,Kevin McDonald
595,Kevin Mirallas
7044,Kevin Möhwald
3657,Kevin N&#039;Doram
1028,Kevin Nolan
479,Kevin Stewart
1256,Kevin Strootman
7058,Kevin Stöger
3286,Kevin Trapp
133,Kevin Vogt
83,Kevin Volland
650,Kevin Wimmer
1819,Kevin-Prince Boateng
2243,Keylor Navas
5959,Khaled Adenon
3380,Khalid Boutaib
1434,Khouma Babacar
723,Ki Sung-yueng
8351,Ki-Jana Hoever
4702,Kian Hansen
545,Kieran Gibbs
899,Kieran Richardson
8089,Kieran Tierney
652,Kieran Trippier
5140,Kike Barja
5074,Kike García
8470,Kike Pérez
8687,Kiki Kouyate
2259,Kiko Casilla
5043,Kiko Femenía
6915,Kiko Olivas
9028,Kilian Ludewig
226,Kingsley Coman
7785,Kingsley Ehizibue
7788,Kingsley Schindler
340,Klaas-Jan Huntelaar
7796,Klaus Gjasula
159,Koen Casteels
3550,Koffi Djidji
2269,Koke
3408,Kolbeinn Sigthorsson
476,Kolo Touré
6109,Konrad Laimer
13,Konstantin Rausch
6722,Konstantinos Mavropanos
368,Konstantinos Stafylidis
7092,Koray Günter
6859,Kortney Hause
3250,Kossi Agassa
1246,Kostas Manolas
6355,Kostas Mitroglou
6263,Kouadio Dabila
7482,Kouadio Kone
7090,Krzysztof Piatek
935,Kurt Zouma
1587,Kwadwo Asamoah
5625,Kwon Chang-Hoon
964,Kyle Bartley
718,Kyle Naughton
638,Kyle Walker
885,Kyle Walker-Peters
3423,Kylian Mbappe-Lottin
197,Kyriakos Papadopoulos
3342,Kévin Berigaud
7776,Kévin Denkey
4740,Kévin Lejeune
3383,Kévin Mayi
3513,Kévin Monnet-Paquet
5153,Kévin Rodrigues
3504,Kévin Théophile-Catherine
6128,Kévin Zohi
3432,Lacina Traoré
1447,Ladislav Krejci
7843,Lago Junior
4790,Lalaïna Nomenjanahary
7913,Lamine Fomba
3607,Lamine Gassama
8749,Lamine Gueye
728,Lamine Koné
3254,Lamine Sané
6102,Landry Dimata
4728,Landry N&#039;Guémo
421,Lars Bender
3472,Lars Jacobsen
208,Lars Stindl
2558,Lass
3557,Lass Diarra
3334,Lassana Coulibaly
7935,Lasse Schöne
2313,Laure
4882,Laurent Abergel
7146,Laurent Ciman
6038,Laurent Depoitre
3483,Laurent Dos Santos
7804,Laurent Jans
494,Laurent Koscielny
3335,Laurent Pionnier
7006,Lautaro Martínez
8967,Lautaro Valenti
3298,Layvin Kurzawa
4406,Lazar Markovic
1940,Lazaros Christodoulopoulos
7236,Leander Dendoncker
674,Leandro Bacuna
7109,Leandro Barreiro Martins
6168,Leandro Cabrera
1179,Leandro Castán
6078,Leandro Chichizola
1996,Leandro Greco
1248,Leandro Paredes
7698,Leandro Trossard
5800,Lebo Mothiba
5991,Lebogang Phiri
1169,Ledian Memushaj
738,Lee Cattermole
526,Lee Chung-yong
1742,Lee Grant
7313,Lee Kang-In
6822,Lee Peltier
588,Leighton Baines
8298,Lennart Czyborra
3564,Lenny Nangis
2304,Leo Baptistao
5679,Leo Lacroix
6991,Leo Stulac
5164,Leo Suárez
99,Leon Andreasen
5221,Leon Bailey
394,Leon Balogun
830,Leon Britton
335,Leon Goretzka
2692,Leon Guwara
891,Leon Osman
7486,Leonardo Balerdi
262,Leonardo Bittencourt
1860,Leonardo Blanchard
1287,Leonardo Bonucci
1358,Leonardo Capezzi
1104,Leonardo Pavoletti
1500,Leonardo Spinazzola
756,Leonardo Ulloa
1560,Leonel Vangioni
4358,Leopold Zingerle
711,Leroy Fer
337,Leroy Sané
1319,Levan Mchedlidze
410,Levent Aycicek
118,Levin Öztunali
4510,Lewis Baker
1789,Lewis Cook
6048,Lewis Dunk
467,Lewis Grabban
169,Lewis Holtby
968,Liam Bridcutt
8816,Liam Cooper
4495,Liam Moore
4462,Liam Rosenior
4122,Licá
8677,Lilian Brassier
2465,Lillo
3453,Lindsay Rose
6638,Linton Maina
6318,Lionel Carole
3628,Lionel Mathis
2097,Lionel Messi
8029,Lisandro Magallán
8307,Ljubomir Fejsa
8090,Lloyd Kelly
4752,Lloyd Palun
2123,Lluis López
8665,Loic Bade
3689,Loic Perrin
5638,Loic Puyo
5623,Lois Diony
2085,Lombán
6528,Loren Morón
8133,Lorenzo Andrenacci
1797,Lorenzo Ariaudo
1356,Lorenzo Crisetig
1193,Lorenzo De Silvestri
6194,Lorenzo Del Pinto
1393,Lorenzo Insigne
1973,Lorenzo Lollo
8881,Lorenzo Montipò
1899,Lorenzo Pasciuti
1471,Lorenzo Pellegrini
1394,Lorenzo Tonelli
6191,Lorenzo Venuti
3400,Lorik Cana
7745,Loris Benito
37,Loris Karius
3434,Lossemy Karaboue
6557,Louis Beyer
3384,Louis Poggi
7897,Louis Schaub
4075,Loukas Vyntra
690,Loïc Remy
4765,Loïck Landre
382,Luc Castaignos
1482,Luca Antei
1590,Luca Antonelli
1415,Luca Bittante
3,Luca Caldirola
1550,Luca Ceppitelli
1238,Luca Cigarini
7807,Luca Kilian
1643,Luca Marrone
1477,Luca Mazzitelli
6181,Luca Mora
1963,Luca Paganini
4970,Luca Pellegrini
1101,Luca Rigoni
1457,Luca Rizzo
1180,Luca Rossettini
6939,Luca Sangalli
1846,Luca Siligardi
1955,Luca Toni
3998,Luca Valzania
8915,Luca Vignali
6338,Lucas Alario
4694,Lucas Barrios
1589,Lucas Biglia
1189,Lucas Boyé
1333,Lucas Castro
3740,Lucas Deaux
1823,Lucas Digne
1152,Lucas Evangelista
8372,Lucas Gourna Douath
2276,Lucas Hernández
6475,Lucas Höler
475,Lucas Leiva
5713,Lucas Lima
9019,Lucas Martínez Quarta
3293,Lucas Moura
1109,Lucas Ocampos
7514,Lucas Olaza
1108,Lucas Orban
7365,Lucas Paquetá
4275,Lucas Piazon
1700,Lucas Pérez
3392,Lucas Silva
1227,Lucas Torreira
7050,Lucas Torró
3743,Lucas Tousart
2253,Lucas Vázquez
5554,Luciano Narsingh
5069,Luciano Neves
2274,Luciano Vietto
8165,Lucien Agoume
6905,Ludovic Ajorque
3227,Ludovic Baal
3475,Ludovic Blas
3744,Ludovic Butelle
6083,Ludwig Augustinsson
3862,Luigi Giorgi
1392,Luigi Sepe
6967,Luis Advíncula
1219,Luis Alberto
2602,Luis Fariña
8980,Luis Henrique
1680,Luis Hernández
8725,Luis Milla
1229,Luis Muriel
3822,Luis Pedro Cavanda
8762,Luis Pérez
7870,Luis Rioja
8978,Luis Suárez
2098,Luis Suárez
2500,Luisinho
1127,Luiz Adriano
6012,Luiz Araujo
6177,Luiz Felipe
387,Luiz Gustavo
6228,Luka Jovic
1242,Luka Krajnc
5549,Luka Milivojevic
2250,Luka Modric
242,Lukas Hinterseer
281,Lukas Hradecky
1664,Lukas Jutkiewicz
5358,Lukas Klostermann
403,Lukas Klünter
4256,Lukas Kruse
5263,Lukas Kübler
6021,Lukas Lerager
7032,Lukas Mühl
3871,Lukas Podolski
5660,Lukas Pokorny
62,Lukas Rupp
706,Lukasz Fabianski
310,Lukasz Piszczek
1305,Lukasz Skorupski
8716,Luke Ayling
1006,Luke Shaw
8562,Luke Thomas
7839,Lumor Agbenyenu
4152,Luso
7887,Luuk de Jong
6252,Lyanco
1748,Lys Mousset
5258,László Bénes
2647,László Kleinheisler
3412,Léo Dubois
9103,Léo Sena
9018,M&#039;Bala Nzola
1126,M&#039;Baye Niang
846,Maarten Stekelenburg
2856,Maciej Rybus
4725,Mads Albæk
7809,Mads Pedersen
6452,Mahdi Camara
205,Mahmoud Dahoud
1824,Maicon
3461,Majeed Waris
282,Makoto Hasebe
5648,Malang Sarr
3262,Malcom
8378,Malick Thiaw
6908,Malik Tchokounte
7747,Mama Baldé
4903,Mamadou Coulibaly
7764,Mamadou Fofana
485,Mamadou Sakho
3688,Mamadou Samassa
868,Mame Biram Diouf
4938,Mame Thiam
1383,Manolo Gabbiadini
7836,Manolo Reina
2312,Manu
5045,Manu García
906,Manu García
4115,Manu Herrera
2301,Manu Trigueros
7834,Manu Vallejo
4157,Manu del Moral
2171,Manucho
6490,Manuel Akanji
4011,Manuel Coppola
5292,Manuel Gulde
1977,Manuel Iturra
535,Manuel Lanzini
6180,Manuel Lazzari
1122,Manuel Locatelli
6592,Manuel Morlanes
217,Manuel Neuer
1309,Manuel Pasqual
8789,Manuel Prietl
1318,Manuel Pucciarelli
108,Manuel Schmiedebach
7605,Manuel Sánchez
3272,Mapou Yanga-Mbiwa
6324,Marash Kumbulla
753,Marc Albrighton
2453,Marc Bartra
5159,Marc Cardona
7134,Marc Cucurella
860,Marc Muniesa
5085,Marc Navarro
4818,Marc Planus
466,Marc Pugh
5086,Marc Roca
289,Marc Stendera
4252,Marc Torrejón
945,Marc Wilson
2090,Marc-André ter Stegen
4803,Marc-Aurele Caillard
4291,Marc-Oliver Kempf
1325,Marcel Büchel
5254,Marcel Halstenberg
2645,Marcel Hartel
6,Marcel Heller
4237,Marcel Ndjeng
134,Marcel Risse
5248,Marcel Sabitzer
313,Marcel Schmelzer
149,Marcel Schäfer
4302,Marcel Sobottka
3216,Marcel Tisserand
4282,Marcell Jansen
1478,Marcello Gazzola
1369,Marcello Trotta
93,Marcelo
2257,Marcelo
1511,Marcelo Brozovic
177,Marcelo Díaz
1985,Marcelo Estigarribia
7079,Marcelo Saracchi
6085,Marcin Kaminski
760,Marcin Wasilewski
2603,Marco Andreolli
2117,Marco Asensio
1183,Marco Benassi
1405,Marco Borriello
7970,Marco Calderoni
1408,Marco Capuano
1902,Marco Crimi
1502,Marco D&#039;Alessandro
2661,Marco Fabián
3978,Marco Faraoni
6134,Marco Fossati
5340,Marco Friedl
427,Marco Höger
9108,Marco John
7973,Marco Mancosu
1207,Marco Parolo
319,Marco Reus
6357,Marco Richter
293,Marco Russ
1406,Marco Sau
6132,Marco Silvestri
1501,Marco Sportiello
7694,Marco Stiepermann
1396,Marco Storari
5287,Marco Terrazzino
3552,Marco Verratti
1323,Marco Zambelli
946,Marco van Ginkel
8939,Marcos Acuña
1621,Marcos Alonso
2556,Marcos Angeleri
2518,Marcos Llorente
8732,Marcos Mauro
550,Marcos Rojo
8933,Marcos de Sousa
7076,Marcus Bettinelli
3479,Marcus Coco
7883,Marcus Ingvartsen
556,Marcus Rashford
1364,Marcus Rohden
5992,Marcus Thuram
1381,Marek Hamsik
5110,Mariano
2440,Mariano
3849,Mariano Andújar
2295,Mariano Barbosa
1339,Mariano Izco
8303,Marin Pongracic
2296,Mario
1817,Mario Balotelli
5143,Mario Fernández
3887,Mario Gomez
422,Mario Götze
6136,Mario Hermoso
1299,Mario Lemina
1295,Mario Mandzukic
1134,Mario Pasalic
1371,Mario Sampirisi
576,Mario Suárez
12,Mario Vrancic
1453,Marios Oikonomou
7879,Marius Bülter
2693,Marius Wolf
5718,Mariusz Stepinski
678,Mark Bunn
7047,Mark Flekken
533,Mark Noble
758,Mark Schwarzer
88,Mark Uth
2231,Markel Bergara
2405,Markel Susaeta
865,Marko Arnautovic
3565,Marko Basa
6224,Marko Dmitrovic
1669,Marko Grujic
1935,Marko Livaja
1645,Marko Pajac
1577,Marko Pjaca
1390,Marko Rog
278,Markus Feulner
1696,Markus Henriksen
7903,Markus Schubert
379,Markus Suttner
5056,Marlon Santos
5083,Marlos Moreno
905,Marouane Chamakh
630,Marouane Fellaini
3297,Marquinhos
7908,Marshall Munetsi
1710,Marten de Roon
3211,Martin Braithwaite
6532,Martin Dubravka
2053,Martin Erlic
5214,Martin Hansen
407,Martin Harnik
2668,Martin Hinteregger
5103,Martin Hongla
525,Martin Kelly
2517,Martin Odegaard
798,Martin Olsson
607,Martin Skrtel
439,Martin Stranzl
5611,Martin Terrier
7838,Martin Valjent
5198,Martín Aguirregabiria
1942,Martín Cáceres
623,Martín Demichelis
5119,Martín Mantovani
7101,Martín Merquelanz
1950,Martín Montoya
7526,Martín Zubimendi
8040,Marvelous Nakamba
4266,Marvin Bakalorz
5244,Marvin Compper
4329,Marvin Ducksch
829,Marvin Emnes
370,Marvin Friedrich
3601,Marvin Martin
236,Marvin Matip
23,Marvin Plattenhardt
6303,Marvin Zeegelaar
263,Marwin Hitz
9352,Masaya Okugawa
7490,Mason Greenwood
985,Mason Holgate
7768,Mason Mount
943,Massadio Haidara
7963,Massimiliano Mangraviti
3832,Massimo Coda
1332,Massimo Gobbi
1315,Massimo Maccarone
3863,Massimo Volta
2385,Mat Ryan
1017,Matej Vydra
5055,Mateo García
8809,Mateo Klimowicz
2254,Mateo Kovacic
2495,Mateo Musacchio
5731,Mateo Pavlovic
8070,Mateu Morey
4381,Mateusz Klich
7080,Matheus Cunha
1327,Matheus Pereira
7153,Matheus Pereira
241,Mathew Leckie
4828,Mathias Autret
3308,Mathieu Bodmer
3786,Mathieu Cafaro
4844,Mathieu Coutadeur
967,Mathieu Debuchy
3351,Mathieu Deplagne
6264,Mathieu Dossevi
4787,Mathieu Duhamel
895,Mathieu Flamini
5653,Mathieu Michel
3320,Mathieu Peybernes
3186,Mathieu Valbuena
8094,Mathis Cherki
6368,Mathías Olivera
7369,Mathías Suárez
451,Matija Nastasic
1273,Mato Jajalo
373,Mats Hummels
6852,Matt Doherty
683,Matt Miazga
1737,Matt Phillips
461,Matt Ritchie
884,Matt Targett
5744,Matteo Ahlinvi
1843,Matteo Bianchetti
1913,Matteo Brighi
1859,Matteo Ciofani
557,Matteo Darmian
1906,Matteo Fedele
4920,Matteo Gabbia
5759,Matteo Guendouzi
8522,Matteo Lovato
1981,Matteo Mancosu
7013,Matteo Pessina
1473,Matteo Politano
8911,Matteo Ricci
7227,Matteo Scozzarella
8864,Matthew Cash
9160,Matthew Hoppe
4441,Matthew James
800,Matthew Jarvis
8016,Matthew Longstaff
1652,Matthew Lowton
4464,Matthew Taylor
315,Matthias Ginter
132,Matthias Lehmann
167,Matthias Ostrzolek
2629,Matthias Zimmermann
3433,Matthieu Dreyer
3609,Matthieu Saunier
5745,Matthieu Udol
7902,Matthijs de Ligt
4374,Matti Steinmann
6212,Mattia Bani
1486,Mattia Caldara
1813,Mattia Cassani
1120,Mattia De Sciglio
1580,Mattia Destro
1093,Mattia Perin
6993,Mattia Sprocati
3899,Mattia Valoti
1958,Mattia Zaccagni
6974,Mattias Svanberg
6903,Matz Sels
6537,Matías Aguirregaray
1622,Matías Fernández
2423,Matías Kranevitter
1222,Matías Silvestre
7886,Matías Vargas
1423,Matías Vecino
1880,Mauricio
2389,Mauricio Cuero
1402,Mauricio Isla
2354,Mauricio Lemos
1494,Mauricio Pinilla
1890,Maurizio Domizzi
3264,Mauro Arambarri
2126,Mauro Dos Santos
3217,Mauro Goicoechea
1513,Mauro Icardi
939,Mauro Zárate
7688,Max Aarons
245,Max Christiansen
464,Max Gradel
7332,Max Kilman
155,Max Kruse
8918,Max Lowe
338,Max Meyer
7328,Maxence Caqueret
8853,Maxence Lacroix
6124,Maxi Gómez
1188,Maxi López
3482,Maxime Baca
3459,Maxime Barthelme
9140,Maxime Busi
3414,Maxime Dupé
3274,Maxime Gonalons
3304,Maxime Le Marchand
3820,Maxime Lestienne
3772,Maxime Lopez
3576,Maxime Poundje
153,Maximilian Arnold
125,Maximilian Eggestein
419,Maximilian Mittelstädt
4247,Maximilian Philipp
7366,Maximilian Wöber
2029,Maximiliano Moralez
1420,Maximiliano Olivera
3278,Maxwel Cornet
3289,Maxwell
845,Maya Yoshida
9290,Mbaye Diagne
8287,Mbwana Samatta
328,Medhi Benatia
4403,Mehdi Abeid
7003,Mehdi Bourabia
5154,Mehdi Carcela-González
8655,Mehdi Chahiri
2195,Mehdi Lacen
6211,Mehdi Leris
7421,Mehdi Merghem
3324,Mehdi Mostefa
3233,Mehdi Zeffane
8166,Mehdi Zerkane
9427,Mehmet Can Aydin
6872,Mehmet Zeki Çelik
555,Memphis Depay
4249,Mensur Mujdza
2643,Mergim Mavraj
8819,Mergim Vojvoda
7416,Merih Demiral
7950,Mert Müldür
499,Mesut Özil
104,Mevlüt Erdinc
3626,Mexer
665,Micah Richards
5630,Michael Basser Chretien
654,Michael Carrick
2434,Michael Ciani
1744,Michael Dawson
4426,Michael Duff
5277,Michael Esser
3967,Michael Essien
4848,Michael Frey
171,Michael Gregoritsch
5274,Michael Hector
4257,Michael Heinloth
1653,Michael Keane
1668,Michael Kightly
2443,Michael Krohn-Dehli
7180,Michael Lang
6504,Michael Obafemi
7996,Michael Parensen
7055,Michael Rensing
5145,Michael Santos
531,Michail Antonio
6148,Michaël Cuisance
1267,Michel Morganella
1855,Michelangelo Albertazzi
1163,Michele Fornasier
1678,Michy Batshuayi
7176,Mickaël Alphonse
8907,Mickaël Malsa
3554,Mickaël Tacalfred
7420,Miguel Almirón
8711,Miguel Baeza
567,Miguel Britos
5205,Miguel Flaño
1016,Miguel Layún
2076,Miguel Lopes
2334,Miguel Torres
7751,Miguel Trauco
1098,Miguel Veloso
8209,Miguel Ángel Atienza
2574,Miguelón
4937,Miha Zajc
9226,Mihai Valentin Mihaila
8208,Mihai-Alexandru Dobre
5947,Mihailo Ristic
95,Miiko Albornoz
290,Mijat Gacinovic
7038,Mikael Ishak
4246,Mike Frantz
3737,Mike Maignan
984,Mike Williamson
1702,Mike van der Hoorn
2591,Mikel Arruabarrena
970,Mikel Arteta
2227,Mikel González
5304,Mikel Merino
2234,Mikel Oyarzabal
2406,Mikel Rico
4062,Mikel Saizar
5077,Mikel Vesga
5146,Mikel Villanueva
8859,Mikkel Damsgaard
2170,Miku
1430,Milan Badelj
1876,Milan Bisevac
3856,Milan Djuric
3720,Milan Gajic
1223,Milan Skriniar
515,Mile Jedinak
144,Milos Jojic
4714,Milos Ninkovic
2691,Milos Veljkovic
8926,Milos Vulic
6523,Milot Rashica
1290,Miralem Pjanic
1507,Miranda
6187,Mirco Antenucci
1864,Mirko Gori
1184,Mirko Valdifiori
1878,Miroslav Klose
4278,Miso Brecko
8310,Mitchel Bakker
6971,Mitchell Dijks
2628,Mitchell Langerak
28,Mitchell Weiser
1807,Modibo Diakité
1029,Modibo Maiga
8103,Modibo Sagnan
720,Modou Barrow
5629,Modou Diagne
4717,Modou Sougou
4471,Mohamed Diamé
6476,Mohamed Dräger
496,Mohamed Elneny
6894,Mohamed Elyounoussi
1956,Mohamed Fares
3249,Mohamed Fofana
4283,Mohamed Gouaida
3377,Mohamed Larbi
5763,Mohamed Mara
1250,Mohamed Salah
7551,Mohamed Simakan
4164,Mohamed Sissoko
3498,Mohamed Yattara
4126,Mohammed Fatau
6923,Mohammed Salisu
2198,Moi Gómez
1304,Moise Kean
1159,Molla Wagué
2360,Momo
2368,Montoro
2186,Morales
7570,Moreto Cassamã
3364,Morgan Amalfitano
1825,Morgan De Sanctis
6857,Morgan Gibbs-White
3696,Morgan Sanson
551,Morgan Schneiderlin
5453,Moritz Bauer
362,Moritz Hartmann
1217,Moritz Leitner
4296,Moritz Stoppelkamp
7939,Morten Thorsby
7169,Moses Simon
5666,Mouctar Diakhaby
3313,Mouez Hassen
3437,Mouhamadou Dabo
3787,Mouhamadou Habib Habibou
8023,Mounir Chouiar
3360,Mounir Obbadi
642,Mousa Dembélé
7142,Moussa Dembele
6556,Moussa Diaby
7701,Moussa Djenepo
2782,Moussa Doumbia
4670,Moussa Konate
8318,Moussa Koné
5989,Moussa Niakhate
772,Moussa Sissoko
6070,Moussa Sylla
3506,Moustapha Bayal Sall
3575,Moustapha Diallo
2277,Moyá
2362,Mubarak Wakaso
908,Muhamed Besic
8140,Munas Dabbur
2401,Muniain
2106,Munir
6512,Musa Barrow
3345,Mustapha Yatabaré
5736,Myziane Maolida
1792,Mário Rui
8398,Márton Dárdai
4208,Míchel
4042,Míchel Macedo
751,N&#039;Golo Kanté
914,Nabil Bentaleb
3634,Nabil Dirar
2357,Nabil El Zhar
3667,Nabil Fekir
2542,Nabil Ghilas
5247,Naby Keita
648,Nacer Chadli
2161,Nacho
2247,Nacho
2213,Nacho Cases
2570,Nacho Gil
495,Nacho Monreal
5162,Nacho Vidal
82,Nadiem Amiri
7953,Nahitan Nández
2309,Nahuel
9065,Nahuel Estévez
8963,Nahuel Molina
6935,Naif Aguerd
5608,Naim Sliti
4084,Naldo
147,Naldo
1785,Nampalys Mendy
8053,Nana Ampomah
4536,Nani
9333,Naomichi Ueda
5209,Naranjo
7522,Nassim Boujellab
579,Nathan Aké
1041,Nathan Baker
783,Nathan Dyer
790,Nathan Redmond
8456,Nathan Tella
8787,Nathan de Medina
7719,Nathanael Mbuku
1677,Nathaniel Chalobah
603,Nathaniel Clyne
6824,Nathaniel Mendez-Laing
8228,Nathaniel Phillips
5100,Nauzet
3621,Neal Maupay
4392,Nedum Onuoha
6973,Nehuén Paz
7516,Nehuén Pérez
6821,Neil Etheridge
710,Neil Taylor
8186,Nelson Sissoko
7888,Nemanja Gudelj
6076,Nemanja Maksimovic
697,Nemanja Matic
2289,Nemanja Radoja
7160,Nemanja Radonjic
3870,Nemanja Vidic
1808,Nenad Krsticic
1435,Nenad Tomovic
1297,Neto
312,Neven Subotic
2099,Neymar
7998,Ngonda Muzinga
7981,Nianzou Kouassi
4917,Niccolò Zanellato
7001,Nicholas Opoku
5552,Nick Pope
4718,Nicki Bille Nielsen
160,Nicklas Bendtner
8982,Niclas Eliasson
6098,Niclas Füllkrug
212,Nico Elvedi
2062,Nico Pareja
7485,Nico Schlotterbeck
433,Nico Schulz
1873,Nicola Leali
1400,Nicola Murru
1103,Nicola Ninkovic
1335,Nicola Rigoni
1826,Nicola Sansone
170,Nicolai Müller
5776,Nicolaj Thomsen
3574,Nicolas Benezet
1094,Nicolas Burdisso
6007,Nicolas Cozza
1344,Nicolas Frey
4250,Nicolas Höfler
7968,Nicolas Isimat-Mirin
3731,Nicolas Maurice-Belay
3387,Nicolas N&#039;Koulou
3670,Nicolas Pallois
5656,Nicolas Pepe
4869,Nicolas Saint-Ruf
3543,Nicolas Seube
6196,Nicolas Viola
3244,Nicolas de Preville
7411,Nicolo Rovella
6686,Nicolo Zaniolo
8252,Nicolás Domínguez
5071,Nicolás Gaitán
7074,Nicolás González
2579,Nicolás López
611,Nicolás Otamendi
1342,Nicolás Spolli
1409,Nicolò Barella
7018,Nicolò Brighenti
1610,Nicolò Cherubin
1948,Nigel de Jong
940,Nikica Jelavic
3317,Niklas Hult
1936,Niklas Moisander
418,Niklas Stark
75,Niklas Süle
39,Niko Bungert
7056,Niko Gießelmann
4397,Niko Kranjcar
4290,Nikola Djurdjic
1425,Nikola Kalinic
1377,Nikola Maksimovic
6174,Nikola Milenkovic
6276,Nikola Vlasic
5089,Nikola Vujadinovic
7155,Nikola Vukcevic
7959,Nikolas Spalek
4253,Nikolce Noveski
2550,Nikos Karámpelas
3702,Nill de Pauw
4248,Nils Petersen
8083,Noah Katterbach
1366,Noe Dussenne
3512,Nolan Roux
1732,Nolito
1536,Norbert Balogh
1599,Norbert Gyömbér
5659,Nordi Mukiele
575,Nordin Amrabat
2642,Nuri Sahin
565,Nyom
4274,Nélson Haedo Valdez
6163,Nélson Semedo
6930,Néstor Araújo
6129,Nícolas
3247,Odaïr Fortes
573,Odion Ighalo
3697,Odsonne Edouard
1877,Ogenyi Onazi
6538,Oghenekaro Etebo
2455,Ognjen Vranjes
2241,Oier
5128,Oier
7779,Oihan Sancet
6932,Okay Yokuslu
725,Ola Aina
739,Ola Toivonen
5098,Olavide
3519,Ole Selnaes
2958,Oleksandr Zinchenko
73,Oliver Baumann
5256,Oliver Burke
7255,Oliver Fink
1863,Oliver Kragl
1736,Oliver McBurnie
7710,Oliver Norwood
348,Oliver Sorg
3645,Olivier Boscagli
502,Olivier Giroud
1111,Olivier Ntcham
4813,Olivier Sorlin
3804,Olivier Veigneau
8865,Ollie Watkins
8986,Omar Alderete
7096,Omar Colley
1385,Omar El Kaddouri
5551,Omar Elabdellaoui
2456,Omar Mascarell
5181,Omar Ramos
3248,Omenuke Mfulu
5240,Ondrej Duda
7034,Ondrej Petrák
7697,Onel Hernández
5267,Onur Bulut
5676,Opa Nguette
6088,Orel Mangala
1138,Orestis Karnezis
2323,Oriol Riera
842,Oriol Romeu
692,Oscar
1284,Oscar Hiljemark
206,Oscar Wendt
3401,Oswaldo Vizcarrondo
6060,Otávio
5958,Oualid El Hajjam
599,Oumar Niasse
5310,Ousman Manneh
3226,Ousmane Dembélé
5618,Oussama Haddadi
3510,Oussama Tannane
7376,Ozan Kabak
3265,Pablo
1547,Pablo Armero
4771,Pablo Chavarria
4005,Pablo Daniel Osvaldo
44,Pablo De Blasis
2335,Pablo Fornals
2286,Pablo Hernández
2164,Pablo Hernández
4054,Pablo Hervías
4037,Pablo Insúa
1003,Pablo Maffeo
3373,Pablo Martinez
8380,Pablo Marí
2382,Pablo Piatti
2222,Pablo Pérez
2199,Pablo Sarabia
610,Pablo Zabaleta
2380,Paco Alcácer
2118,Paco Montañés
559,Paddy McNair
1561,Panagiotis Kone
6316,Panagiotis Retsos
1401,Panagiotis Tachtsidis
3685,Pantxi Sirieix
1462,Paolo Cannavaro
3396,Paolo De Ceglie
4912,Paolo Faragò
2040,Paolo Ghiglione
1866,Paolo Sammarco
8278,Papa Ndiaga Yade
2112,Papakouly Diop
9315,Pape Abou Cissé
8696,Pape Alassane Gueye
2291,Pape Cheikh
3452,Pape Paye
9021,Pape Sarr
513,Pape Souaré
850,Papiss Demba Cissé
1071,Papy Djilobodji
239,Pascal Groß
326,Pascal Stenzel
8717,Pascal Struijk
6182,Pasquale Schiattarella
1204,Patric
1298,Patrice Evra
822,Patrick Bamford
5278,Patrick Banggaard
5650,Patrick Burner
4918,Patrick Cutrone
2575,Patrick Ebert
4079,Patrick Ekeng
7040,Patrick Erras
420,Patrick Herrmann
925,Patrick Roberts
4260,Patrick Ziegler
730,Patrick van Aanholt
1236,Patrik Schick
2107,Pau López
6221,Pau Torres
3305,Paul Baysse
3251,Paul Bernardoni
5645,Paul Delecroix
853,Paul Dummett
4439,Paul Konchesky
3741,Paul Lasne
4410,Paul McShane
3430,Paul Nardi
1740,Paul Pogba
2625,Paul Seguin
264,Paul Verhaegh
3230,Paul-Georges Ntep
1912,Paul-José M&#039;Poku
4442,Paulinho
1294,Paulo Dybala
973,Paulo Gazzaniga
6225,Paulo Oliveira
8213,Paulo Otávio
7053,Pavao Pervan
74,Pavel Kaderábek
4241,Pavel Krmas
3686,Pavle Ninkov
7923,Pawel Dawidowicz
6213,Pawel Jaroszynski
128,Pawel Olkowski
1845,Pawel Wszolek
8935,Pedri
4750,Pedrinho
687,Pedro
6114,Pedro Alcalá
2353,Pedro Bigas
1022,Pedro Chirivella
3225,Pedro Henrique
2197,Pedro León
2189,Pedro López
3221,Pedro Mendes
2320,Pedro Mosquera
6382,Pedro Neto
542,Pedro Obiang
1241,Pedro Pereira
6912,Pedro Porro
5990,Pedro Rebocho
2258,Pepe
507,Per Mertesacker
24,Per Skjelbred
4175,Pere Milla
6117,Pere Pons
7743,Pereira Lage
1334,Perparim Hetemaj
7019,Peru Nolaskoain
9327,Petar Musa
2713,Petar Skuletic
8027,Peter Ankersen
872,Peter Crouch
299,Peter Niemeyer
443,Peter Pekarík
491,Petr Cech
4235,Petr Jirácek
2145,Petros
857,Phil Bardsley
6055,Phil Foden
587,Phil Jagielka
951,Phil Jones
6034,Philip Billing
114,Philipp Bargfrede
9076,Philipp Förster
141,Philipp Hosiner
218,Philipp Lahm
2611,Philipp Lienhart
267,Philipp Max
7106,Philipp Mwene
445,Philipp Ochs
107,Philipp Tschauner
858,Philipp Wollscheid
488,Philippe Coutinho
1816,Philippe Mexes
4469,Philippe Senderos
1841,Pierluigi Gollini
41,Pierre Bengtsson
8313,Pierre Kalulu Kyatengwa
7073,Pierre Kunde
5619,Pierre Lees-Melou
318,Pierre-Emerick Aubameyang
343,Pierre-Emile Højbjerg
173,Pierre-Michel Lasogga
5762,Pierre-Yves Hamel
3690,Pierre-Yves Polomat
3495,Pierrick Capelle
4769,Pierrick Valdivia
1469,Pietro Iemmello
6977,Pietro Terracciano
5116,Pione Sisto
1386,Piotr Zielinski
7315,Pipa
80,Pirmin Schwegler
2425,Piti
2283,Planas
1461,Pol Lirola
1801,Pontus Jansson
6118,Portu
7718,Predrag Rajkovic
5715,Prejuce Nakoulma
3599,Presnel Kimpembe
5960,Prince
3556,Prince Oniangué
55,Przemyslaw Tyton
5241,Péter Gulácsi
5784,Quentin Bernard
6061,Quentin Boisgard
3449,Quentin Othon
2815,Quincy Promes
2158,Quini
4188,Quique González
5199,Raba
7394,Rabbi Matondo
2220,Rachid
4801,Rachid Alioui
3276,Rachid Ghezzal
6280,Racine Coly
1311,Rade Krunic
1251,Radja Nainggolan
4231,Rafa
2589,Rafa Mir
5034,Rafa Navarro
8390,Rafa Soares
3270,Rafael
1410,Rafael
1388,Rafael Cabral
7786,Rafael Czichos
7193,Rafael Leão
3897,Rafael Marques
2034,Rafael Márquez
1484,Rafael Toloi
2153,Rafael van der Vaart
5293,Rafal Gikiewicz
210,Raffael
1900,Raffaele Bianco
1322,Raffaele Maiello
1361,Raffaele Palladino
3571,Rafidine Abdullah
221,Rafinha
2100,Rafinha
265,Ragnar Klavan
618,Raheem Sterling
6036,Rajiv van La Parra
330,Ralf Fährmann
1764,Ramadan Sobhi
1872,Raman Chibsah
233,Ramazan Özcan
936,Ramires
597,Ramiro Funes Mori
3349,Ramy Bensebaini
4051,Ramón Azeez
5743,Randal Kolo Muani
5251,Rani Khedira
5139,Raoul Loé
4336,Raphael Framberger
3455,Raphael Guerreiro
1901,Raphael Martinho
2245,Raphael Varane
4279,Raphael Wolf
8026,Raphinha
6674,Rayan Ait Nouri
8856,Razvan Marin
2169,Razvan Rat
2584,Raíllo
2333,Raúl Albentosa
1588,Raúl Albiol
2488,Raúl Baena
273,Raúl Bobadilla
6214,Raúl Fernández
5114,Raúl García
2400,Raúl García
8894,Raúl Guti
4105,Raúl Jiménez
2351,Raúl Lizoain
4130,Raúl Navas
4229,Raúl de Tomás
2337,Recio
8067,Reece James
543,Reece Oxford
8958,Reinhold Yabo
7432,Reinildo
6492,Reiss Nelson
6884,Remi Oudin
3306,Remi Walter
2555,Remiro
1488,Remo Freuler
7891,Renan Lodi
3355,Renato Civelli
5228,Renato Sanches
6484,Renato Steffen
8710,Renato Tapia
3560,Renaud Cohade
6864,Renaud Ripart
2083,Rene Krhin
163,René Adler
1570,Rey Manaj
2441,Reyes
3481,Reynald Lemaître
5569,Rhian Brewster
9086,Rhys Williams
3418,Ricardo Carvalho
2078,Ricardo Costa
2338,Ricardo Horta
1564,Ricardo Kishna
3303,Ricardo Pereira
308,Ricardo Rodríguez
1231,Ricardo Álvarez
1105,Riccardo Fiamozzi
1896,Riccardo Gagliolo
8883,Riccardo Improta
1601,Riccardo Marchizza
1337,Riccardo Meggiorini
1573,Riccardo Montolivo
6160,Riccardo Orsolini
1313,Riccardo Saponara
6672,Riccardo Sottil
4444,Richard Dunne
6026,Richarlison
3928,Richmond Boakye
6362,Rick Karsdorp
6094,Rick van Drongelen
816,Rickie Lambert
1012,Ricky van Wolfswinkel
5299,Riechedly Bazoer
3681,Rincon
4429,Rio Ferdinand
3359,Rio Mavuba
7548,Riqui Puig
955,Ritchie de Laet
8791,Ritsu Doan
750,Riyad Mahrez
5036,Riza Durmisi
1749,Rob Holding
789,Robbie Brady
2326,Rober
2119,Rober Correa
7877,Robert Andrich
237,Robert Bauer
3691,Robert Beric
763,Robert Elliot
4390,Robert Green
1869,Robert Gucher
8803,Robert Gumny
747,Robert Huth
2089,Robert Ibáñez
227,Robert Lewandowski
7867,Robert Skov
1691,Robert Snodgrass
9098,Robert Sánchez
4106,Roberto
2457,Roberto Canella
1862,Roberto Crivello
482,Roberto Firmino
1496,Roberto Gagliardini
182,Roberto Hilbert
1340,Roberto Inglese
1617,Roberto Insigne
5087,Roberto Jiménez
2514,Roberto Lago
7195,Roberto López
8806,Roberto Massimo
1723,Roberto Pereyra
7375,Roberto Piccoli
2331,Roberto Rosales
6959,Roberto Santamaría
2311,Roberto Soldado
1810,Roberto Soriano
5093,Roberto Torres
2162,Roberto Trashorras
1279,Roberto Vitiello
7062,Robin Bormuth
6155,Robin Gosens
161,Robin Knoche
6273,Robin Koch
7276,Robin Le Normand
6962,Robin Olsen
1275,Robin Quaison
449,Robin Zentner
4387,Robin van Persie
8661,Robson Bambu
4746,Rod Fanni
3371,Roderic Filippi
2496,Rodri
2381,Rodrigo
8750,Rodrigo Battaglia
6806,Rodrigo Becão
6108,Rodrigo Bentancur
1131,Rodrigo Ely
1518,Rodrigo Palacio
8410,Rodrigo Sánchez
7165,Rodrigo Tarín
1145,Rodrigo de Paul
4111,Rodrigues
8015,Rodrygo
215,Roel Brouwers
238,Roger
2566,Roger
8316,Roger Assalé
6312,Rogerio
1277,Roland Sallai
3397,Rolando
915,Rolando Aarons
3906,Rolando Bianchi
3821,Rolando Mandragora
3394,Romain Alessandrini
5620,Romain Amalfitano
235,Romain Brègerie
3219,Romain Danze
3721,Romain Del Castillo
6420,Romain Faivre
3316,Romain Genevois
3561,Romain Hamouma
4732,Romain Métanire
6500,Romain Perraud
3463,Romain Philippoteaux
3491,Romain Saiss
5766,Romain Salin
3488,Romain Thomas
8757,Romaine Sawyers
5333,Roman Bezjak
309,Roman Bürki
346,Roman Neustädter
325,Roman Weidenfeller
9069,Romano Schmid
4724,Romaric
594,Romelu Lukaku
4433,Ron Vlaar
91,Ron-Robert Zieler
3517,Ronael Pierre Gabriel
8091,Ronald Araújo
7097,Ronaldo Vieira
4784,Ronnie Schwartz
381,Ronny
4333,Ronny Marcos
3526,Ronny Rodelin
3362,Rony Lopes
2356,Roque Mesa
2341,Roque Santa Cruz
592,Ross Barkley
7060,Rouwen Hennings
36,Roy Beerens
6006,Ruben Aguilar
8240,Ruben Gabrielsen
688,Ruben Loftus-Cheek
7810,Ruben Vargas
6917,Rubén Alcaraz
2293,Rubén Blanco
3875,Rubén Botta
2150,Rubén Castro
2110,Rubén Duarte
2183,Rubén García
2188,Rubén Martínez
2242,Rubén Pardo
5075,Rubén Peña
2080,Rubén Pérez
2079,Rubén Rochina
5047,Rubén Sobrino
2372,Rubén Yáñez
671,Rudy Gestede
4763,Rudy Riou
7145,Rui Fonte
6849,Rui Patrício
5109,Rui Silva
19,Rune Jarstein
7947,Ruslan Malinovskiy
788,Russell Martin
3343,Ryad Boudebouz
5176,Ryan Babel
787,Ryan Bennett
835,Ryan Bertrand
5039,Ryan Donk
1683,Ryan Fraser
6891,Ryan Fredericks
649,Ryan Mason
3791,Ryan Mendes
6837,Ryan Sessegnon
886,Ryan Shawcross
4404,Ryan Taylor
1153,Ryder Matos
5957,Régis Gurtner
3404,Rémi Gomis
3390,Rémy Cabella
3398,Rémy Riou
3520,Rémy Vercoutre
1849,Rômulo
8961,Rúben Dias
6853,Rúben Neves
6220,Rúben Semedo
2386,Rúben Vezo
6856,Rúben Vinagre
6875,Rúnar Alex Rúnarsson
2499,Sabin
5063,Saborit
7511,Sacha Boey
4849,Sada Thioub
3326,Sadio Diallo
838,Sadio Mané
3585,Said Benrahma
3529,Saidi Ntibazonkiza
811,Saido Berahino
8691,Saidou Sow
5994,Saidy Janko
5737,Saif-Eddine Khaoui
96,Salif Sané
5294,Salih Özcan
26,Salomon Kalou
813,Salomón Rondón
2121,Salva Sevilla
8914,Salvador Ferrer
2810,Salvatore Bocchetti
3989,Salvatore Molina
3301,Salvatore Sirigu
8735,Salvi Sánchez
902,Sam Byram
1690,Sam Clucas
1013,Sam Field
978,Sam Johnstone
1733,Sam McQueen
1661,Sam Vokes
7069,Saman Ghoddos
2667,Sambou Yatabaré
4304,Sami Allagui
1292,Sami Khedira
1142,Samir
1505,Samir Handanovic
877,Samir Nasri
4085,Sammir
4420,Sammy Ameobi
2303,Samu Castillejo
2300,Samu García
1343,Samuel Bastien
7208,Samuel Chukwueze
8035,Samuel Di Carmine
3814,Samuel Eto&#039;o
3713,Samuel Grandsir
6947,Samuel Kalu
6018,Samuel Moutoussamy
1954,Samuel Souprayen
3567,Samuel Umtiti
1874,Samuele Longo
2395,San José
8285,Sander Berge
817,Sandro
2537,Sandro Ramírez
380,Sandro Sirigu
7958,Sandro Tonali
11,Sandro Wagner
1932,Sanjin Prcic
2384,Santi Mina
7113,Santiago Arias
6289,Santiago Ascacibar
965,Santiago Cazorla
7070,Santiago Comesaña
6938,Santiago Cáseres
113,Santiago García
1107,Santiago Gentiletti
2192,Santiago Vergini
6395,Santy Ngom
1442,Saphir Taïder
7900,Sargis Adamyan
8812,Sasa Kalajdzic
1537,Sasa Lukic
331,Sascha Riether
8971,Saturnin Allagbe
6178,Sauli Vaisanen
8877,Sava-Arangel Cestic
2134,Saúl Berjón
2266,Saúl Ñíguez
1659,Scott Arfield
512,Scott Dann
6040,Scott Malone
5560,Scott McTominay
679,Scott Sinclair
342,Sead Kolasinac
585,Seamus Coleman
7078,Sean Longstaff
6823,Sean Morrison
7791,Sebastiaan Bornauw
7880,Sebastian Andersson
260,Sebastian Boenisch
8801,Sebastian Griesbeck
156,Sebastian Jung
4239,Sebastian Kehl
4346,Sebastian Kerk
21,Sebastian Langkamp
740,Sebastian Larsson
566,Sebastian Prödl
228,Sebastian Rode
90,Sebastian Rudy
8078,Sebastian Schonlau
7797,Sebastian Vasiliadis
8030,Sebastian Walukiewicz
1639,Sebastiano Luperto
821,Sebastien Bassong
1431,Sebastien De Maio
927,Sebastián Coates
1436,Sebastián Cristóforo
4043,Sebastián Dubarbier
3738,Sehrou Guirassy
1144,Seko Fofana
4490,Semi Ajayi
1205,Senad Lulic
1549,Senna Miangue
6876,Senou Coulibaly
9182,Sepe Elye Wahi
6957,Serdar Gurler
3600,Serge Aurier
1581,Serge Gakpe
993,Serge Gnabry
5739,Serge N&#039;Guessan
5640,Sergei Chernik
4806,Sergei Krivets
1543,Sergej Milinkovic-Savic
2621,Sergi Darder
2135,Sergi Enrich
5212,Sergi Guardiola
2282,Sergi Gómez
6946,Sergi Palencia
2104,Sergi Roberto
2492,Sergi Samper
619,Sergio Agüero
2365,Sergio Araujo
2460,Sergio Asenjo
2095,Sergio Busquets
2571,Sergio Canales
6096,Sergio Córdova
2064,Sergio Escudero
1446,Sergio Floccari
4060,Sergio García
6656,Sergio Gómez
7859,Sergio Herrera
5095,Sergio León
4128,Sergio Marcos
6154,Sergio Mora
4116,Sergio Pelegrín
1347,Sergio Pellissier
6215,Sergio Postigo
2246,Sergio Ramos
7187,Sergio Reguilón
2072,Sergio Rico
560,Sergio Romero
4077,Sergio Sánchez
2212,Sergio Álvarez
2279,Sergio Álvarez
8979,Sergiño Dest
7167,Serigne Modou Kara Mbodji
776,Seydou Doumbia
2011,Seydou Keita
2294,Señé
6047,Shane Duffy
839,Shane Long
7882,Sheraldo Becker
321,Shinji Kagawa
754,Shinji Okazaki
1699,Shkodran Mustafi
8761,Shon Weissman
4722,Siaka Tiéné
2314,Sidnei
2690,Sidney Sam
7852,Sidy Sarr
8807,Silas Wamangituka
1139,Silvan Widmer
3829,Silvestre Varela
2179,Simao Mate
1951,Sime Vrsaljko
8669,Simon Banza
5673,Simon Falette
456,Simon Francis
4699,Simon Kjaer
487,Simon Mignolet
3805,Simon Pouplin
7214,Simon Rhein
4234,Simon Rolfes
9029,Simon Sohm
6090,Simon Terodde
139,Simon Zoller
8916,Simone Bastoni
6406,Simone Calvano
6989,Simone Iacoponi
1603,Simone Missiroli
1403,Simone Padoin
1171,Simone Pepe
1971,Simone Romagnoli
1158,Simone Scuffet
1445,Simone Verdi
1642,Simone Zaza
1362,Simy
8703,Sinaly Diomande
1266,Sinisa Andjelkovic
4276,Slawomir Peszko
3478,Sloan Privat
287,Slobodan Medojevic
18,Slobodan Rajkovic
8306,Sofian Chakla
4942,Sofian Kiyine
6860,Sofiane Alakouch
1734,Sofiane Boufal
6846,Sofiane Diop
1674,Sofiane Feghouli
7927,Sofyan Amrabat
371,Sokratis
4027,Sol Bamba
6049,Solly March
3202,Somália
8775,Son
453,Son Heung-Min
4414,Sone Aluko
2649,Sonny Kittel
3739,Soualiho Meité
7358,Souleyman Doumbia
3590,Souleymane Camara
4816,Souleymane Diawara
4263,Srdjan Lakic
6125,Stanislav Lobotka
6436,Stanley N&#039;Soki
3569,Steed Malbranque
3214,Steeve Yago
6008,Stef Peeters
288,Stefan Aigner
40,Stefan Bell
5242,Stefan Ilsanker
190,Stefan Kießling
4297,Stefan Kutschke
7831,Stefan Lainer
243,Stefan Lex
4242,Stefan Mitrovic
8786,Stefan Ortega Moreno
5329,Stefan Posch
1542,Stefan Radu
286,Stefan Reinartz
2263,Stefan Savic
2202,Stefan Scepovic
1818,Stefan Simic
1541,Stefan de Vrij
7932,Stefano Denswil
3864,Stefano Lucchini
1879,Stefano Mauri
1763,Stefano Okaka
1898,Stefano Sabelli
1465,Stefano Sensi
1328,Stefano Sorrentino
1296,Stefano Sturaro
1252,Stephan El Shaarawy
1303,Stephan Lichtsteiner
6202,Stephane Omeonga
867,Stephen Ireland
892,Stephen Kingsley
4413,Stephen Quinn
1655,Stephen Ward
7484,Stephy Mavididi
1524,Stevan Jovetic
458,Steve Cook
4415,Steve Harper
1670,Steve Mandanda
3800,Steve Mounie
8020,Steven Alzate
8300,Steven Bergwijn
953,Steven Caulker
883,Steven Davis
1657,Steven Defour
930,Steven Fletcher
6489,Steven Fortes
4408,Steven Gerrard
3592,Steven Moreira
2413,Steven N&#039;Zonzi
824,Steven Naismith
924,Steven Pienaar
7054,Steven Skrzybski
765,Steven Taylor
926,Steven Whittaker
254,Steven Zuber
1712,Stewart Downing
1154,Stipe Perica
2619,Stole Dimitrievski
3602,Stoppila Sunzu
7800,Streli Mamba
6893,Stuart Armstrong
8718,Stuart Dallas
5980,Stéphane Bahoken
3438,Stéphane Darbion
4096,Stéphane Mbia
3503,Stéphane Ruffier
810,Stéphane Sessegnon
307,Suat Serdar
6307,Suk Hyun-Jun
3943,Sulley Muntari
1129,Suso
311,Sven Bender
8635,Sven Botman
1143,Sven Kums
7799,Sven Michel
176,Sven Schipplock
231,Sven Ulreich
5104,Sverrir Ingi Ingason
3523,Syam Ben Youssef
3220,Sylvain Armand
828,Sylvain Distin
4743,Sylvain Marchal
1064,Sylvain Marveaux
2660,Szabolcs Huszti
3354,Sébastien Corchia
6144,Sébastien Haller
893,Sébastien Pocognoli
3321,Sébastien Squillaci
4265,Süleyman Koc
7814,Taiwo Awoniyi
452,Takashi Inui
5291,Takashi Usami
8001,Takefusa Kubo
7931,Takehiro Tomiyasu
6087,Takuma Asano
8239,Takumi Minamino
5312,Taleb Tawatha
702,Tammy Abraham
2359,Tana
8813,Tanguy Coulibaly
5962,Tanguy NDombele Alvaro
5171,Tano
78,Tarik Elyounoussi
8226,Tariq Lamptey
6323,Tatsuya Ito
7696,Teemu Pukki
2519,Tejero
8997,Terem Igobor Moffi
6067,Terence Kongolo
8895,Tete Morente
2288,Theo Bongonda
2547,Theo Hernández
6866,Theo Valls
503,Theo Walcott
110,Theodor Gebre Selassie
229,Thiago Alcántara
1265,Thiago Cionek
6013,Thiago Maia
6011,Thiago Mendes
3292,Thiago Motta
3288,Thiago Silva
3447,Thiago Xavier
8647,Thibault De Smet
3476,Thibault Giresse
680,Thibaut Courtois
4859,Thibaut Vion
4501,Thierry Ambrose
8058,Thierry Correia
2554,Thievy
2674,Thilo Kehrer
3611,Thomas Ayasse
7765,Thomas Delaine
5230,Thomas Delaney
5671,Thomas Didillon
5593,Thomas Edwards
7151,Thomas Foket
1149,Thomas Heurtaux
142,Thomas Kessler
434,Thomas Kraft
3425,Thomas Lemar
3490,Thomas Mangani
5680,Thomas Meunier
5963,Thomas Monconduit
224,Thomas Müller
2328,Thomas Partey
1214,Thomas Strakosha
3263,Thomas Touré
1635,Thomas Vermaelen
213,Thorgan Hazard
4233,Thorsten Kirschbaum
5668,Théo Pellenard
2273,Tiago
7754,Tiago Djaló
1063,Tiago Ilori
3429,Tiemoué Bakayoko
600,Tim Howard
6142,Tim Kleindienst
982,Tim Krul
7033,Tim Leibold
275,Tim Matavz
7184,Tim Ream
162,Timm Klose
71,Timo Baumgartl
8148,Timo Becker
127,Timo Horn
1575,Timo Letschert
65,Timo Werner
4301,Timon Wellenreuther
6157,Timothy Castagne
359,Timothy Chandler
549,Timothy Fosu-Mensah
6601,Timothy Weah
2063,Timothée Kolodziejczak
417,Tin Jedvaj
1885,Tino Costa
8702,Tinotenda Kadewere
2159,Tito
5631,Tobias Badila
9,Tobias Kempe
234,Tobias Levels
79,Tobias Strobl
397,Tobias Werner
639,Toby Alderweireld
4129,Toché
7695,Todd Cantwell
258,Tolga Cigerci
4348,Tolgay Arslan
6835,Tom Cairney
653,Tom Carroll
596,Tom Cleverley
1042,Tom Davies
1651,Tom Heaton
1695,Tom Huddlestone
4454,Tom Ince
9212,Tom Lacoux
7692,Tom Trybull
6902,Toma Basic
3022,Tomas Hubocan
6292,Tomas Koubek
4400,Tomas Rosicky
8288,Tomas Soucek
4046,Tomer Hemed
7938,Tommaso Augello
8912,Tommaso Pobega
457,Tommy Elphick
6029,Tommy Smith
2482,Tomás Pina
1099,Tomás Rincón
6970,Tomás Vaclik
3538,Tongo Doumbia
2369,Toni Kroos
2479,Toni Lato
8299,Toni Leistner
57,Toni Sunjic
6919,Toni Villa
201,Tony Jantschke
5590,Tosin Adarabioyo
2187,Toño
2601,Toño
4300,Tranquillo Barnetta
1791,Trent Alexander-Arnold
6615,Trevoh Chalobah
8934,Trincão
6000,Tristan Dingome
574,Troy Deeney
7722,Trézéguet
7524,Tuta
4139,Txema Añibarro
7352,Tyler Adams
4463,Tyler Blackett
1014,Tyler Roberts
8214,Tyrick Mitchell
1024,Tyrone Mings
6863,Téji Savanier
2564,Uche
361,Uffe Bech
399,Ulisses García
6865,Umut Bozok
4107,Unai Bustinza
5141,Unai García
4091,Unai López
6149,Unai Núñez
5185,Unai Simón
8329,Unai Vencedor
1844,Urby Emanuelson
1554,Uros Cosic
1960,Uros Djurdjevic
7330,Uros Racic
3204,Uros Spajic
4258,Uwe Hünemeier
5810,Vahid Selimovic
4774,Valentin Belon
3515,Valentin Eysseric
3730,Valentin Lavigne
4530,Valentin Roberge
3673,Valentin Rongier
5615,Valentin Rosier
32,Valentin Stocker
3256,Valentin Vada
6352,Valentino Lazaro
1569,Valerio Verre
7246,Valery Fernández
570,Valon Behrami
7178,Valon Berisha
1336,Valter Birsa
3309,Valère Germain
1853,Vangelis Moras
2152,Varela
1224,Vasco Regini
1438,Vasilis Torosidis
7364,Vasyl Kravets
29,Vedad Ibisevic
9002,Vedat Muriqi
2180,Verza
2190,Vicente Guaita
2363,Vicente Gómez
2065,Vicente Iborra
818,Victor Anichebe
6080,Victor Lindelöf
541,Victor Moses
5322,Victor Osimhen
836,Victor Wanyama
5105,Victorien Angban
1908,Vid Belec
151,Vieirinha
2191,Vigaray
3525,Vincent Bessat
3353,Vincent Enyeama
1730,Vincent Janssen
612,Vincent Kompany
3307,Vincent Koziello
1306,Vincent Laurini
3464,Vincent Le Goff
3486,Vincent Manceau
5696,Vincent Marchetti
5720,Vincent Muratori
3507,Vincent Pajot
5755,Vincent Rüfli
1175,Vincenzo Fiorillo
5266,Vincenzo Grifo
7008,Vinícius Júnior
7154,Virgil Misidjan
833,Virgil van Dijk
8777,Vitinha
726,Vito Mannone
2511,Vitolo
6171,Vitor Hugo
4183,Vitorino Antunes
1348,Vittorio Parigini
1395,Vlad Chiriches
8965,Vladimir Coufal
27,Vladimir Darida
8837,Vladimir Golemic
5418,Vukasin Jovanovic
768,Vurnon Anita
6407,Vágner
3426,Vágner Love
2390,Víctor Camarasa
7380,Víctor Campuzano
5117,Víctor Díaz
8086,Víctor Gómez
947,Víctor Ibarbo
5044,Víctor Laguardia
2471,Víctor Rodríguez
2298,Víctor Ruiz
2113,Víctor Sánchez
1705,Víctor Valdés
2111,Víctor Álvarez
734,Wahbi Khazri
5226,Walace
106,Waldemar Anton
7525,Waldo Rubio
3458,Walid Mesloub
1202,Wallace
3644,Wallyson Mallmann
5652,Walter Benítez
3850,Walter Gargano
2450,Wanderson
8688,Warren Tchimbembé
8808,Wataru Endo
509,Wayne Hennessey
629,Wayne Rooney
719,Wayne Routledge
2332,Weligton
4047,Wellington
185,Wendell
928,Wes Brown
793,Wes Hoolahan
748,Wes Morgan
7724,Wesley
7589,Wesley Fofana
1203,Wesley Hoedt
3677,Wesley Lautoa
3799,Wesley Said
5360,Weston McKennie
5545,Wilfred Ndidi
5211,Wilfrid Kaptoum
622,Wilfried Bony
6251,Wilfried Kanga
3402,Wilfried Moimbé
7472,Wilfried Stephane Singo
522,Wilfried Zaha
6104,Will Hughes
5257,Willi Orban
6229,William
4473,William Buckley
6926,William Carvalho
3646,William Matheus
3336,William Remy
6888,William Saliba
6996,William Troost-Ekong
1944,William Vainqueur
700,Willian
2361,Willian José
6850,Willy Boly
624,Willy Caballero
5279,Wilson Kamavuaka
529,Winston Reid
3210,Wissam Ben Yedder
1244,Wojciech Szczesny
7267,Woo-Yeong Jeong
8646,Wout Faes
7052,Wout Weghorst
7398,Wu Lei
4768,Wylan Cyprien
230,Xabi Alonso
2124,Xabi Irureta
2233,Xabi Prieto
7783,Xaver Schlager
4093,Xavi
2146,Xavi Torres
6883,Xavier Chavalerin
7492,Xavier Quintillá
5704,Xeka
888,Xherdan Shaqiri
4052,Ximo Navarro
7844,Xisco Campos
6762,Yacine Adli
3410,Yacine Bammou
3641,Yacouba Sylla
7862,Yan Eteki
7280,Yan Valery
7350,Yangel Herrera
3206,Yann Bodiger
3629,Yann Jouffre
5700,Yann Karamoh
732,Yann M&#039;Vila
199,Yann Sommer
20,Yanni Regäsel
518,Yannick Bolasie
3325,Yannick Cahuzac
2272,Yannick Carrasco
140,Yannick Gerhardt
8206,Yannik Keitel
3473,Yannis Salibur
7557,Yassin Benrahou
3366,Yassine Benzia
6113,Yassine El Ghanassy
4402,Yaya Sanogo
878,Yaya Touré
4713,Yeltsin Tejeda
4738,Yeni N&#039;Gbakoto
5062,Yeray Álvarez
9024,Yeremi Pino
6521,Yerry Mina
2068,Yevhen Konoplyanka
3302,Yoan Cardinale
916,Yoan Gouffran
5786,Yoane Wissa
3489,Yoann Andreu
3446,Yoann Court
3229,Yoann Gourcuff
5976,Yoann Salmier
4770,Yoann Touzghar
4794,Yoann Wachter
2201,Yoda
2157,Yoel
6379,Yoel Armougom
974,Yohan Benalouane
516,Yohan Cabaye
2998,Yohan Mollo
3395,Yohann Pelé
8012,Yordan Osorio
6272,Yoric Ravet
47,Yoshinori Muto
6878,Youcef Atal
736,Younes Kaboul
7302,Younn Zahary
3474,Younousse Sankhare
2637,Younès Belhanda
5956,Youri Tielemans
5633,Youssef Ait Bennasser
2082,Youssef El-Arabi
5169,Youssef En-Nesyri
6945,Youssouf Fofana
5639,Youssouf Hadji
3367,Youssouf Kone
797,Youssouf Mulumbu
3399,Youssouf Sabaly
3572,Yrondu Musavu-King
4393,Yun Suk-Young
5624,Yunis Abdelhamid
45,Yunus Malli
8771,Yunus Musah
2229,Yuri
5250,Yussuf Poulsen
7756,Yusuf Yazici
1506,Yuto Nagatomo
7039,Yuya Kubo
135,Yuya Osako
8689,Yvan Neyou
8314,Yvann Maçon
5609,Yves Bissouma
4730,Zacharie Boucher
7817,Zack Steffen
2538,Zakaria Bakkali
3819,Zakarya Bergdich
2226,Zaldúa
5910,Zan Majer
6030,Zanka
3454,Zargo Toure
5773,Zaydou Youssef
1987,Zdravko Kuzmanovic
1974,Zeljko Brkic
7773,Zinedine Ferhat
3212,Zinedine Machach
1741,Zlatan Ibrahimovic
301,Zlatko Junuzovic
179,Zoltán Stieber
2388,Zouhair Feddal
4759,Zoumana Camara
2487,Zé Castro
3860,Zé Eduardo
5694,Ádám Lang
1443,Ádám Nagy
360,Ádám Szalai
5038,Álex Alegría
2317,Álex Bergantiños
7402,Álex Blanco
4177,Álex Fernández
6951,Álex Gallar
6116,Álex Granell
4039,Álex López
5040,Álex Martínez
2219,Álex Menéndez
4120,Álex Moreno
1704,Álvaro Arbeloa
4088,Álvaro Arroyo
2142,Álvaro Cejudo
401,Álvaro Domínguez
5191,Álvaro Fernández
7071,Álvaro García
2430,Álvaro González
6152,Álvaro Jiménez
2196,Álvaro Medrán
1804,Álvaro Morata
1715,Álvaro Negredo
2418,Álvaro Odriozola
2154,Álvaro Vadillo
2200,Álvaro Vázquez
4136,Ángel
2275,Ángel Correa
3553,Ángel Di María
2573,Ángel Lafita
2516,Ángel Trujillo
1437,Ângelo Da Costa
2648,Änis Ben-Hatira
1514,Éder
3361,Éric Bautheac
3215,Étienne Didot
1520,Éver Banega
2403,Íñigo Lekue
4071,Íñigo López
2424,Óliver Torres
2435,Óscar Duarte
5134,Óscar Melendo
9011,Óscar Mingueza
6921,Óscar Plano
6570,Óscar Rodríguez
5046,Óscar Romero
3208,Óscar Trejo
184,Ömer Toprak
250,Ørjan Nyland
